<?xml version="1.0" encoding="UTF-8" standalone="yes"?>
<addon id="plugin.video.youtube" name="YouTube" version="6.0.1mod" provider-name="bromix">
    <requires>
        <import addon="xbmc.python" version="2.20.0"/>
        <import addon="script.module.six"/>
        <import addon="script.module.requests" version="2.12.4"/>
        <import addon="script.module.inputstreamhelper" version="0.2.2" optional="true"/>
    </requires>
    <extension point="xbmc.python.pluginsource" library="resources/lib/default.py">
        <provides>video</provides>
    </extension>
    <extension point="xbmc.service" library="resources/lib/startup.py" start="login"/>
    <extension point="xbmc.python.module" library="resources/lib/"/>
    <extension point="xbmc.addon.metadata">
        <news>
6.0.1
[fix] notification encoding

6.0.0
[add] Python 3 compat.
[add] Settings -&gt; Maintenance -&gt; Delete temporary files
[add] Settings -&gt; General -&gt; Rate video after watching
[add] Settings -&gt; API -&gt; Enable API configuration page
    - when enabled, visit http://&lt;ipaddress&gt;:&lt;port&gt;/api to configure API keys from a web browser
    - port is configured in Settings - HTTP Server - Port
[chg] Storing personal api keys in api_keys.json
[chg] Storing login tokens in access_manager.json
[add] youtube_registration module, register developer keys and use them by appending an addon_id=&lt;addon_id&gt; parameter to youtube add-on plugin urls
[add] screensaver=true parameter to /play route - no suggested videos, no post play events, don&#39;t ask for quality
[add] play route for channel live streams
    - plugin://plugin.video.youtube/play/?channel_id=UCLA_DiR1FfKNvjuUpBHmylQ&amp;live=1
[add] Purchases
    - requires Kodi 18
    - requires inputstream.adaptive &gt;= 2.2.12
    - if a purchase fails after 10 seconds
        - provide a debug log
        - set InputStream Adaptive -&gt; Settings -&gt; Stream selection -&gt; manual
        - change video stream during playback to preferred working resolution
    - huge thanks to peak3d
[add] relevanceLanguage to search requests
[add] Refresh to My Subscriptions (Filtered)
[fix] mpeg-dash proxy with multi-profiles
[fix] search input, now works with Yatse
[fix] Signature deciphering
[fix] context menu after playback
[fix] alternative player, do not append headers
[fix] My Subscriptions (Filtered) channel matching
[fix] Audio only, failover to video if no audio only streams available
[fix] My Subscriptions missing page 3
[fix/upd] function cache, update max rows and resolve hang on some requests
[fix/upd] post play events happen post play
[fix/upd] set title from metadata on play
[chg] only automatically remove temp folder at start-up
[upd] Dutch strings [MB1968]
[upd] French strings [bubuleur]
[upd] Greek strings [twilight0]
[upd] Spanish strings [roliverosc]
        </news>
        <assets>
            <icon>icon.png</icon>
            <fanart>fanart.jpg</fanart>
        </assets>
        <summary lang="en_gb">Plugin for YouTube</summary>
        <description lang="en_gb">YouTube is one of the biggest video-sharing websites of the world.</description>
        <disclaimer lang="en_gb">This plugin is not endorsed by Google</disclaimer>
        <summary lang="he_il">תוסף עבור YouTube</summary>
        <description lang="he_il">YouTube הוא אחד מאתרי שיתוף הווידאו הגדולים בעולם.</description>
        <summary lang="de_de">Plugin für YouTube</summary>
        <description lang="de_de">YouTube ist eines der größten Video-Sharing-Websites der Welt.</description>
        <summary lang="pl_pl">Wtyczka YouTube</summary>
        <description lang="pl_pl">YouTube jest jednym z największych na świecie serwisów udostępniania wideo.</description>
        <summary lang="hu_hu">YouTube kiegészítő</summary>
        <description lang="hu_hu">A YouTube világ egyik legnagyobb videómegosztó weboldala.</description>
        <summary lang="es_es">Plugin para YouTube</summary>
        <description lang="es_es">YouTube es uno de los mayores sitios web de intercambio de vídeos del mundo.</description>
        <disclaimer lang="es_es">Este add-on no esta respaldado por Google</disclaimer>
        <summary lang="ru_ru">Видеодополнение YouTube</summary>
        <description lang="ru_ru">Данное дополнение позволяет находить и смотреть видео на всеми любимом сайте.</description>
        <summary lang="fr_fr">Plugin pour YouTube</summary>
        <description lang="fr_fr">YouTube est l'un des plus grands sites de partage vidéos du monde.</description>
        <summary lang="zh_cn">YouTube附加元件</summary>
        <description lang="zh_cn">「Youtube」是全世界最大的影片分享網站</description>
        <summary lang="bg_bg">Добавка за YouTube</summary>
        <description lang="bg_bg">YouTube е един от най-големите уеб сайтове за споделяне на видео в целия свят.</description>
        <summary lang="el_gr">Πρόσθετο YouTube</summary>
        <description lang="el_gr">Το YouTube είναι μία από τις μεγαλύτερες ιστοσελίδες διαμοιρασμού βίντεο στον κόσμο.</description>
        <disclaimer lang="el_gr">Η παρούσα μικροεφαρμογή δεν έχει υϊοθετηθεί από την Google</disclaimer>
        <summary lang="nb_no">Tillegg for YouTube</summary>
        <description lang="nb_no">YouTube er en av verdens største nettsider for videodeling.</description>
        <language></language>
        <platform>all</platform>
        <license>GNU GENERAL PUBLIC LICENSE. Version 2, June 1991</license>
        <forum>https://forum.kodi.tv/showthread.php?tid=325740</forum>
        <website>https://www.youtube.com</website>
        <email>ytplugin at datanet dot ws</email>
        <source>https://github.com/jdf76/plugin.video.youtube</source>
    </extension>
</addon>
