<?xml version="1.0" encoding="utf-8" standalone="yes"?>
<channel>
	<id>animehdita</id>
	<name>animehdita</name>

	<active>true</active>
	<adult>false</adult>
	<language>it</language>

	<fanart></fanart>
	<thumbnail>https://raw.githubusercontent.com/orione7/Pelis_images/master/bannermenu/animehdita.png</thumbnail>
	<bannermenu>https://raw.githubusercontent.com/orione7/Pelis_images/master/bannermenu/animehdita.png</bannermenu>

	<update_url>https://raw.githubusercontent.com/orione7/plugin.video.streamondemand-pureita/master/channels/</update_url>
	<version>02</version>
	<date>19/08/2018</date>
	<changes>Update and Temporary Fix</changes>

	<categories>
		<category>anime</category>
	</categories>

	<settings>
        <include_in_global_search>false</include_in_global_search>
		<id>include_in_global_search</id>
		<type>bool</type>
		<label>Includi ricerca globale</label>
		<default>false</default>
		<enabled>false</enabled>
		<visible>false</visible>
	</settings>

	<settings>
		<id>include_in_newest_anime</id>
		<type>bool</type>
		<label>Includi in novità - Anime</label>
		<default>true</default>
		<enabled>true</enabled>
		<visible>true</visible>
	</settings>
</channel>
