<?xml version="1.0" encoding="utf-8" standalone="yes"?>
<channel>
	<id>ayuda</id>
	<name>Ayuda</name>

	<active>false</active>
	<adult>false</adult>
	<language>it</language>

	<fanart></fanart>
	<thumbnail></thumbnail>
	<bannermenu></bannermenu>

	<update_url>https://raw.githubusercontent.com/orione7/plugin.video.streamondemand-pureita/master/channels/</update_url>
	<version>5</version>
	<date>01/02/2018</date>
	<changes>Updated to Kodi v17 new tags</changes>

	<categories>
		<category></category>
	</categories>

	<settings>
		<include_in_global_search>false</include_in_global_search>
	</settings>
</channel>
