<?xml version="1.0" encoding="UTF-8" standalone="yes"?>
<channels>

<channel>
    <id>altadefinizione01</id>
    <name>AltaDefinizione01</name>
    <language>it</language>
    <update_url>https://raw.githubusercontent.com/orione7/plugin.video.streamondemand-pureita/master/channels/altadefinizione01.py</update_url>
    <active>false</active>
    <include_in_global_search>false</include_in_global_search>
    <version>29</version>
    <adult>false</adult>
    <date>06/04/2018</date>
    <changes>update</changes>
    <categories>
        <category>movie</category>
        <category>vos</category>
    </categories>
</channel>

<channel>
    <id>altadefinizione_due</id>
    <name>AltaDefinizione_due</name>
    <language>it</language>
    <update_url>https://raw.githubusercontent.com/orione7/plugin.video.streamondemand-pureita/master/channels/altadefinizione_due.py</update_url>
    <active>false</active>
    <include_in_global_search>false</include_in_global_search>
    <version>06</version>
    <adult>false</adult>
    <date>01/11/2018</date>
    <changes>Temporary - Disabled</changes>
    <categories>
        <category>movie</category>
        <category>vos</category>
    </categories>
</channel>

<channel>
    <id>altadefinizione01_biz</id>
    <name>AltaDefinizione01_biz</name>
    <language>it</language>
    <update_url>https://raw.githubusercontent.com/orione7/plugin.video.streamondemand-pureita/master/channels/altadefinizione01_biz.py</update_url>
    <active>true</active>
    <include_in_global_search>true</include_in_global_search>
    <version>05</version>
    <adult>false</adult>
    <date>02/10/2018</date>
    <changes>Update and Fix</changes>
    <categories>
        <category>movie</category>
        <category>serie</category>
        <category>vos</category>
    </categories>
</channel>

<channel>
    <id>altadefinizione01_video</id>
    <name>AltaDefinizione01_video</name>
    <language>it</language>
    <update_url>https://raw.githubusercontent.com/orione7/plugin.video.streamondemand-pureita/master/channels/altadefinizione01_video.py</update_url>
    <active>true</active>
    <include_in_global_search>true</include_in_global_search>
    <version>06</version>
    <adult>false</adult>
    <date>10/11/2018</date>
    <changes>Temporary Fix</changes>
    <categories>
        <category>Top Channel</category>
        <category>movie</category>
        <category>vos</category>
    </categories>
</channel>

<channel>
    <id>altadefinizione01_zone</id>
    <name>AltaDefinizione01_zone</name>
    <language>it</language>
    <update_url>https://raw.githubusercontent.com/orione7/plugin.video.streamondemand-pureita/master/channels/altadefinizione01_zone.py</update_url>
    <active>true</active>
    <include_in_global_search>true</include_in_global_search>
    <version>09</version>
    <adult>false</adult>
    <date>02/10/2018</date>
    <changes>Update and Fix</changes>
    <categories>
        <category>movie</category>
        <category>vos</category>
    </categories>
</channel>
	
<channel>
    <id>altadefinizione01love</id>
    <name>AltaDefinizione01love</name>
    <language>it</language>
    <update_url>https://raw.githubusercontent.com/orione7/plugin.video.streamondemand-pureita/master/channels/altadefinizione01love.py</update_url>
    <active>false</active>
    <include_in_global_search>false</include_in_global_search>
    <version>4</version>
    <adult>false</adult>
    <date>11/04/2018</date>
    <changes>Update</changes>
    <categories>
        <category>movie</category>
        <category>vos</category>
    </categories>
</channel>	

<channel>
    <id>altadefinizione_press</id>
    <name>Altadefinizione_press</name>
    <language>it</language>
    <update_url>https://raw.githubusercontent.com/orione7/plugin.video.streamondemand-pureita/master/channels/altadefinizione_press.py</update_url>
    <active>false</active>
    <include_in_global_search>false</include_in_global_search>
    <version>06</version>
    <adult>false</adult>
    <date>08/07/2018</date>
    <changes>Disabled</changes>
    <categories>
        <category>movie</category>
        <category>vos</category>
    </categories>
</channel>
	
<channel>
    <id>altadefinizioneclick</id>
    <name>Altadefinizione.click</name>
    <language>it</language>
    <update_url>https://raw.githubusercontent.com/orione7/plugin.video.streamondemand-pureita/master/channels/altadefinizioneclick.py</update_url>
    <active>false</active>
    <include_in_global_search>false</include_in_global_search>
    <version>29</version>
    <adult>false</adult>
    <date>11/04/2018</date>
    <changes>Update</changes>
    <categories>
        <category>movie</category>
        <category>serie</category>
        <category>anime</category>
        <category>vos</category>
    </categories>
</channel>

<channel>
    <id>altadefinizione_pink</id>
    <name>altadefinizione_pink</name>
    <language>it</language>
    <update_url>https://raw.githubusercontent.com/orione7/plugin.video.streamondemand-pureita/master/channels/altadefinizione_pink.py</update_url>
    <active>true</active>
    <include_in_global_search>true</include_in_global_search>
    <version>05</version>
    <adult>false</adult>
    <date>14/09/2018</date>
    <changes>Update</changes>
    <categories>
        <category>movie</category>
        <category>anime</category>
        <category>vos</category>
    </categories>
</channel>

<channel>
    <id>altadefinizionehd</id>
    <name>AltadefinizioneHD</name>
    <language>it</language>
    <update_url>https://raw.githubusercontent.com/orione7/plugin.video.streamondemand-pureita/master/channels/altadefinizionehd.py</update_url>
    <active>false</active>
    <include_in_global_search>false</include_in_global_search>
    <version>3</version>
    <adult>false</adult>
    <date>06/04/2018</date>
    <changes>Disabled</changes>
    <categories>
        <category>movie</category>
    </categories>
</channel>

<channel>
    <id>altadefinizioneclub</id>
    <name>Altadefinizione.club</name>
    <language>it</language>
    <update_url>https://raw.githubusercontent.com/orione7/plugin.video.streamondemand-pureita/master/channels/altadefinizioneclub.py</update_url>
    <active>false</active>
    <include_in_global_search>false</include_in_global_search>
    <version>09</version>
    <adult>false</adult>
    <date>11/04/2018</date>
    <changes>Update</changes>
    <categories>
        <category>movie</category>
        <category>serie</category>
        <category>anime</category>
        <category>vos</category>
    </categories>
</channel>

<channel>
    <id>altadefinizione_bid</id>
    <name>altadefinizione_bid</name>
    <language>it</language>
    <update_url>https://raw.githubusercontent.com/orione7/plugin.video.streamondemand-pureita/master/channels/altadefinizione_bid.py</update_url>
    <active>true</active>
    <include_in_global_search>true</include_in_global_search>
    <version>07</version>
    <adult>false</adult>
    <date>13/10/2018</date>
    <changes>Update and Fix</changes>
    <categories>
        <category>movie</category>
        <category>serie</category>
        <category>anime</category>
        <category>vos</category>
    </categories>
</channel>

<channel>
    <id>altadefinizioneone</id>
    <name>Altadefinizione.one</name>
    <language>it</language>
    <update_url>https://raw.githubusercontent.com/orione7/plugin.video.streamondemand-pureita/master/channels/altadefinizioneone.py</update_url>
    <active>false</active>
    <include_in_global_search>false</include_in_global_search>
    <version>7</version>
    <adult>false</adult>
    <date>11/04/2018</date>
    <changes>Update</changes>
    <categories>
        <category>movie</category>
    </categories>
</channel>

<channel>
    <id>altadefinizione01_wiki</id>
    <name>altadefinizione01_wiki</name>
    <language>it</language>
    <update_url>https://raw.githubusercontent.com/orione7/plugin.video.streamondemand-pureita/master/channels/altadefinizione01_wiki.py</update_url>
    <active>false</active>
    <include_in_global_search>false</include_in_global_search>
    <version>02</version>
    <adult>false</adult>
    <date>29/08/2018</date>
    <changes>Disabled</changes>
    <categories>
        <category>movie</category>
    </categories>
</channel>

<channel>
    <id>altadefinizionezone</id>
    <name>AltadefinizioneZone</name>
    <language>it</language>
    <update_url>https://raw.githubusercontent.com/orione7/plugin.video.streamondemand-pureita/master/channels/altadefinizionezone.py</update_url>
    <active>false</active>
    <include_in_global_search>false</include_in_global_search>
    <version>7</version>
    <adult>false</adult>
    <date>06/04/2018</date>
    <changes>Update</changes>
    <categories>
        <category>movie</category>
    </categories>
</channel>

<channel>
    <id>altastreaming</id>
    <name>AltaStreaming</name>
    <language>it</language>
    <update_url>https://raw.githubusercontent.com/orione7/plugin.video.streamondemand-pureita/master/channels/altastreaming.py</update_url>
    <active>false</active>
    <include_in_global_search>false</include_in_global_search>
    <version>15</version>
    <adult>false</adult>
    <date>06/04/2018</date>
    <changes>Temporary Fix and Update</changes>
    <categories>
        <category>movie</category>
    </categories>
</channel>
    
<channel>
    <id>animeforce</id>
    <name>AnimeForce</name>
    <language>it</language>
    <update_url>https://raw.githubusercontent.com/orione7/plugin.video.streamondemand-pureita/master/channels/animeforce.py</update_url>
    <active>true</active>
    <include_in_global_search>false</include_in_global_search>
    <version>11</version>
    <adult>false</adult>
    <date>23/10/2018</date>
    <changes>Temporary Fix</changes>
    <categories>
        <category>anime</category>
    </categories>
</channel>

<channel>
    <id>animehdita</id>
    <name>animehdita</name>
    <language>it</language>
    <update_url>https://raw.githubusercontent.com/orione7/plugin.video.streamondemand-pureita/master/channels/animehdita.py</update_url>
    <active>true</active>
    <include_in_global_search>false</include_in_global_search>
    <version>02</version>
    <adult>false</adult>
    <date>19/08/2018</date>
    <changes>Temporary Fix</changes>
    <categories>
        <category>anime</category>
    </categories>
</channel>

<channel>
    <id>animestream</id>
    <name>Animestream.it</name>
    <language>it</language>
    <update_url>https://raw.githubusercontent.com/orione7/plugin.video.streamondemand-pureita/master/channels/animestream.py</update_url>
    <active>true</active>
    <include_in_global_search>false</include_in_global_search>
    <version>6</version>
    <adult>false</adult>
    <date>04/07/2017</date>
    <changes>Update</changes>
    <categories>
        <category>anime</category>
    </categories>
</channel>

<channel>
    <id>animesenzalimiti</id>
    <name>AnimeSenzaLimiti</name>
    <language>it</language>
    <update_url>https://raw.githubusercontent.com/orione7/plugin.video.streamondemand-pureita/master/channels/animesenzalimiti.py</update_url>
    <active>true</active>
    <include_in_global_search>false</include_in_global_search>
    <version>08</version>
    <adult>false</adult>
    <date>24/08/2018</date>
    <changes>Update and Fix</changes>
    <categories>
        <category>anime</category>
    </categories>
</channel>

<channel>
    <id>animeinstreaming</id>
    <name>AnimeInStreaming</name>
    <language>it</language>
    <update_url>https://raw.githubusercontent.com/orione7/plugin.video.streamondemand-pureita/master/channels/animeinstreaming.py</update_url>
    <active>false</active>
    <include_in_global_search>false</include_in_global_search>
    <version>4</version>
    <adult>false</adult>
    <date>11/04/2018</date>
    <changes>Update</changes>
    <categories>
        <category>anime</category>
    </categories>
</channel>

<channel>
    <id>animetubeita</id>
    <name>AnimeTubeIta.com</name>
    <language>it</language>
    <update_url>https://raw.githubusercontent.com/orione7/plugin.video.streamondemand-pureita/master/channels/animetubeita.py</update_url>
    <active>true</active>
    <include_in_global_search>false</include_in_global_search>
    <version>5</version>
    <adult>false</adult>
    <date>20/10/2016</date>
    <changes>new anime channel by Costaplus</changes>
    <categories>
        <category>anime</category>
    </categories>
</channel>


<channel>
    <id>animevision</id>
    <name>Animevision</name>
    <language>it</language>
    <update_url>https://raw.githubusercontent.com/orione7/plugin.video.streamondemand-pureita/master/channels/animevision.py</update_url>
    <active>true</active>
    <include_in_global_search>false</include_in_global_search>
    <version>4</version>
    <adult>false</adult>
    <date>11/04/2018</date>
    <changes>Update</changes>
    <categories>
        <category>anime</category>
    </categories>
</channel>

<channel>
    <id>asiansubita</id>
    <name>Asian Sub-Ita</name>
    <language>it</language>
    <update_url>https://raw.githubusercontent.com/orione7/plugin.video.streamondemand-pureita/master/channels/asiansubita.py</update_url>
    <active>false</active>
    <include_in_global_search>false</include_in_global_search>
    <version>10</version>
    <adult>false</adult>
    <date>11/04/2018</date>
    <changes>Update</changes>
    <categories>
        <category>movie</category>
        <category>serie</category>
        <category>vos</category>
    </categories>
</channel>

<channel>
    <id>bleachanimemanga</id>
    <name>BleachAnimeManga</name>
    <language>it</language>
    <update_url>https://raw.githubusercontent.com/orione7/plugin.video.streamondemand-pureita/master/channels/bleachanimemanga.py</update_url>
    <active>false</active>
    <include_in_global_search>false</include_in_global_search>
    <version>3</version>
    <adult>false</adult>
    <date>11/04/2018</date>
    <changes>Disabled</changes>
    <categories>
        <category>anime</category>
    </categories>
</channel>

<channel>
    <id>ayuda</id>
    <name>Ayuda</name>
    <language>es</language>
    <update_url>https://raw.githubusercontent.com/orione7/plugin.video.streamondemand-pureita/master/channels/ayuda.py</update_url>
    <active>true</active>
    <include_in_global_search>false</include_in_global_search>
    <version>3</version>
    <adult>false</adult>
    <date>05/02/2017</date>
    <changes>Partial Fix</changes>
</channel>


<channel>
    <id>biblioteca</id>
    <name>Biblioteca</name>
    <language>it</language>
    <update_url>https://raw.githubusercontent.com/orione7/plugin.video.streamondemand-pureita/master/channels/biblioteca.py</update_url>
    <active>true</active>
    <include_in_global_search>false</include_in_global_search>
    <version>47</version>
    <adult>false</adult>
    <date>27/06/2017</date>
    <changes>Fixed Global Search in the new plugin</changes>
    <categories>
        <category>movie</category>
        <category>serie</category>
        <category>vos</category>
    </categories>
</channel>


<channel>
    <id>buscador</id>
    <name>Buscador global</name>
    <language>es</language>
    <update_url>https://raw.githubusercontent.com/orione7/plugin.video.streamondemand-pureita/master/channels/buscador.py</update_url>
    <active>true</active>
    <include_in_global_search>false</include_in_global_search>
    <version>19</version>
    <adult>false</adult>
    <date>06/04/2018</date>
    <changes>Minor Fix</changes>
</channel>


<channel>
    <id>casacinema</id>
    <name>Casa-Cinema</name>
    <language>it</language>
    <update_url>https://raw.githubusercontent.com/orione7/plugin.video.streamondemand-pureita/master/channels/casacinema.py</update_url>
    <active>true</active>
    <include_in_global_search>true</include_in_global_search>
    <version>32</version>
    <adult>false</adult>
    <date>02/10/2018</date>
    <changes>Update</changes>
    <categories>
        <category>movie</category>
        <category>serie</category>
        <category>anime</category>
        <category>vos</category>
    </categories>
</channel>


<channel>
    <id>chimerarevo</id>
    <name>Chimerarevo</name>
    <language>it</language>
    <update_url>https://raw.githubusercontent.com/orione7/plugin.video.streamondemand-pureita/master/channels/chimerarevo.py</update_url>
    <active>false</active>
    <include_in_global_search>false</include_in_global_search>
    <version>03</version>
    <adult>false</adult>
    <date>24/02/2017</date>
    <changes>Update</changes>
    <categories>
        <category>Documentaries</category>
    </categories>
</channel>

<channel>
    <id>cn01_video</id>
    <name>cn01_video</name>
    <language>it</language>
    <update_url>https://raw.githubusercontent.com/orione7/plugin.video.streamondemand-pureita/master/channels/cn01_video.py</update_url>
    <active>true</active>
    <include_in_global_search>true</include_in_global_search>
    <version>01</version>
    <adult>false</adult>
    <date>07/11/2018</date>
    <changes>First Release</changes>
    <categories>
        <category>movie</category>
        <category>serie</category>
    </categories>
</channel>

<channel>
    <id>cineblog01</id>
    <name>Cineblog01</name>
    <language>it</language>
    <update_url>https://raw.githubusercontent.com/orione7/plugin.video.streamondemand-pureita/master/channels/cineblog01.py</update_url>
    <active>true</active>
    <include_in_global_search>true</include_in_global_search>
    <version>63</version>
    <adult>false</adult>
    <date>07/11/2018</date>
    <changes>Update</changes>
    <categories>
        <category>movie</category>
        <category>serie</category>
        <category>anime</category>
        <category>vos</category>
    </categories>
</channel>



<channel>
    <id>cineblogfm</id>
    <name>CineBlog01.FM</name>
    <language>it</language>
    <update_url>https://raw.githubusercontent.com/orione7/plugin.video.streamondemand-pureita/master/channels/cineblogfm.py</update_url>
    <active>true</active>
    <include_in_global_search>false</include_in_global_search>
    <version>07</version>
    <adult>false</adult>
    <date>14/09/2018</date>
    <changes>Update and Fix</changes>
    <categories>
        <category>movie</category>
        <category>serie</category>
        <category>anime</category>
        <category>vos</category>
    </categories>
</channel>

<channel>
    <id>cineblogrun</id>
    <name>CineBlog.run</name>
    <language>it</language>
    <update_url>https://raw.githubusercontent.com/orione7/plugin.video.streamondemand-pureita/master/channels/cineblogrun.py</update_url>
    <active>true</active>
    <include_in_global_search>true</include_in_global_search>
    <version>06</version>
    <adult>false</adult>
    <date>11/09/2018</date>
    <changes>Update and Fix</changes>
    <categories>
        <category>movie</category>
        <category>vos</category>
    </categories>
</channel>

<channel>
    <id>cineblog01_show</id>
    <name>cineblog01_show</name>
    <language>it</language>
    <update_url>https://raw.githubusercontent.com/orione7/plugin.video.streamondemand-pureita/master/channels/cineblog01_show.py</update_url>
    <active>true</active>
    <include_in_global_search>false</include_in_global_search>
    <version>01</version>
    <adult>false</adult>
    <date>11/04/2018</date>
    <changes>First Release</changes>
    <categories>
        <category>movie</category>
    </categories>
</channel>

<channel>
    <id>cb01_wiki</id>
    <name>cb01_wiki</name>
    <language>it</language>
    <update_url>https://raw.githubusercontent.com/orione7/plugin.video.streamondemand-pureita/master/channels/cb01_wiki.py</update_url>
    <active>true</active>
    <include_in_global_search>false</include_in_global_search>
    <version>01</version>
    <adult>false</adult>
    <date>11/04/2018</date>
    <changes>First Release</changes>
    <categories>
        <category>movie</category>
    </categories>
</channel>

<channel>
    <id>cb01anime</id>
    <name>Cb01anime</name>
    <language>it</language>
    <update_url>https://raw.githubusercontent.com/orione7/plugin.video.streamondemand-pureita/master/channels/cb01anime.py</update_url>
    <active>true</active>
    <include_in_global_search>false</include_in_global_search>
    <version>13</version>
    <adult>false</adult>
    <date>28/06/2018</date>
    <changes>Update</changes>
    <categories>
        <category>anime</category>
    </categories>
</channel>


<channel>
    <id>cinemalibero</id>
    <name>Cinemalibero</name>
    <language>it</language>
    <update_url>https://raw.githubusercontent.com/orione7/plugin.video.streamondemand-pureita/master/channels/cinemalibero.py</update_url>
    <active>true</active>
    <include_in_global_search>true</include_in_global_search>
    <version>20</version>
    <adult>false</adult>
    <date>07/11/2018</date>
    <changes>Enabled - Partial Fix</changes>
    <categories>
        <category>movie</category>
        <category>serie</category>
        <category>anime</category>
    </categories>
</channel>


<channel>
    <id>cinemastreaming</id>
    <name>Cinemastreaming.net</name>
    <language>it</language>
    <update_url>https://raw.githubusercontent.com/orione7/plugin.video.streamondemand-pureita/master/channels/cinemastreaming.py</update_url>
    <active>false</active>
    <include_in_global_search>false</include_in_global_search>
    <version>6</version>
    <adult>false</adult>
    <date>24/02/2017</date>
    <changes>Update - Partial Fix</changes>
    <categories>
        <category>movie</category>
    </categories>
</channel>

<channel>
    <id>cinemasubito</id>
    <name>Cinemasubito</name>
    <language>it</language>
    <update_url>https://raw.githubusercontent.com/orione7/plugin.video.streamondemand-pureita/master/channels/cinemasubito.py</update_url>
    <active>false</active>
    <include_in_global_search>false</include_in_global_search>
    <version>6</version>
    <adult>false</adult>
    <date>11/04/2018</date>
    <changes>Update</changes>
    <categories>
        <category>movie</category>
        <category>serie</category>
        <category>vos</category>
    </categories>
</channel>

<channel>
    <id>cinesuggestions</id>
    <name>CineSuggestions</name>
    <language>it</language>
    <update_url>https://raw.githubusercontent.com/orione7/plugin.video.streamondemand-pureita/master/channels/cinesuggestions.py</update_url>
    <active>false</active>
    <include_in_global_search>false</include_in_global_search>
    <version>2</version>
    <adult>false</adult>
    <date>06/04/2018</date>
    <changes>Update and Fix</changes>
    <categories>
        <category>movie</category>
    </categories>
</channel>

<channel>
    <id>corsaronero</id>
    <name>Corsaronero</name>
    <language>it</language>
    <update_url>https://raw.githubusercontent.com/orione7/plugin.video.streamondemand-pureita/master/channels/corsaronero.py</update_url>
    <active>false</active>
    <include_in_global_search>false</include_in_global_search>
    <version>9</version>
    <adult>false</adult>
    <date>06/04/2018</date>
    <changes>Update</changes>
    <categories>
        <category>movie</category>
        <category>torrent</category>
    </categories>
</channel>


<channel>
    <id>cucinarefacile</id>
    <name>Cucinarefacile</name>
    <language>it</language>
    <update_url>https://raw.githubusercontent.com/orione7/plugin.video.streamondemand-pureita/master/channels/cucinarefacile.py</update_url>
    <active>false</active>
    <include_in_global_search>false</include_in_global_search>
    <version>09</version>
    <adult>false</adult>
    <date>14/09/2016</date>
    <changes>Update</changes>
    <categories>
        <category>Documentaries</category>
    </categories>
</channel>


<channel>
    <id>darkstream</id>
    <name>Darkstream</name>
    <language>it</language>
    <update_url>https://raw.githubusercontent.com/orione7/plugin.video.streamondemand-pureita/master/channels/darkstream.py</update_url>
    <active>false</active>
    <include_in_global_search>false</include_in_global_search>
    <version>15</version>
    <adult>false</adult>
    <date>06/04/2018</date>
    <changes>Update</changes>
    <categories>
        <category>movie</category>
        <category>serie</category>
    </categories>
</channel>

<channel>
    <id>documentari_dsda</id>
    <name>Documentari_DSDA</name>
    <language>it</language>
    <update_url>https://raw.githubusercontent.com/orione7/plugin.video.streamondemand-pureita/master/channels/documentari_dsda.py</update_url>
    <active>true</active>
    <include_in_global_search>false</include_in_global_search>
    <version>01</version>
    <adult>false</adult>
    <date>01/11/2018</date>
    <changes>Temporary Fix - First Release</changes>
    <categories>
        <category>Documentaries</category>
    </categories>
</channel>

<channel>
    <id>documentaristreaming</id>
    <name>DocumentariStreaming</name>
    <language>it</language>
    <update_url>https://raw.githubusercontent.com/orione7/plugin.video.streamondemand-pureita/master/channels/documentaristreaming.py</update_url>
    <active>false</active>
    <include_in_global_search>false</include_in_global_search>
    <version>15</version>
    <adult>false</adult>
    <date>16/04/2017</date>
    <changes>Disabled</changes>
    <categories>
        <category>Documentaries</category>
    </categories>
</channel>

<channel>
    <id>documentaristreamingdb</id>
    <name>Documentari Streaming DB</name>
    <language>it</language>
    <update_url>https://raw.githubusercontent.com/orione7/plugin.video.streamondemand-pureita/master/channels/documentaristreamingdb.py</update_url>
    <active>false</active>
    <include_in_global_search>false</include_in_global_search>
    <version>09</version>
    <adult>false</adult>
    <date>01/11/2018</date>
    <changes>Disabled</changes>
    <categories>
        <category>Documentaries</category>
    </categories>
</channel>

<channel>
    <id>dreamsub</id>
    <name>DreamSub</name>
    <language>it</language>
    <update_url>https://raw.githubusercontent.com/orione7/plugin.video.streamondemand-pureita/master/channels/dreamsub.py</update_url>
    <active>true</active>
    <include_in_global_search>false</include_in_global_search>
    <version>07</version>
    <adult>false</adult>
    <date>28/05/2018</date>
    <changes>Update</changes>
    <categories>
        <category>anime</category>
    </categories>
</channel>

<channel>
    <id>eurostreaming</id>
    <name>Eurostreaming</name>
    <language>it</language>
    <update_url>https://raw.githubusercontent.com/orione7/plugin.video.streamondemand-pureita/master/channels/eurostreaming.py</update_url>
    <active>false</active>
    <include_in_global_search>false</include_in_global_search>
    <version>17</version>
    <adult>false</adult>
    <date>06/04/2018</date>
    <changes>Update and Fix</changes>
    <categories>
        <category>serie</category>
        <category>anime</category>
    </categories>
</channel>

<channel>
    <id>eurostreaming_video</id>
    <name>eurostreaming_video</name>
    <language>it</language>
    <update_url>https://raw.githubusercontent.com/orione7/plugin.video.streamondemand-pureita/master/channels/eurostreaming_video.py</update_url>
    <active>true</active>
    <include_in_global_search>true</include_in_global_search>
    <version>04</version>
    <adult>false</adult>
    <date>14/09/2018</date>
    <changes>Update</changes>
    <categories>
        <category>movie</category>
        <category>serie</category>
        <category>anime</category>
    </categories>
</channel>

<channel>
    <id>eurostreaminginfo</id>
    <name>Eurostreaminginfo</name>
    <language>it</language>
    <update_url>https://raw.githubusercontent.com/orione7/plugin.video.streamondemand-pureita/master/channels/eurostreaminginfo.py</update_url>
    <active>false</active>
    <include_in_global_search>false</include_in_global_search>
    <version>8</version>
    <adult>false</adult>
    <date>24/02/2017</date>
    <changes>Update</changes>
    <categories>
        <category>movie</category>
        <category>serie</category>
    </categories>
</channel>
	
<channel>
    <id>fastsubita</id>
    <name>FastSubITA</name>
    <language>it</language>
    <update_url>https://raw.githubusercontent.com/orione7/plugin.video.streamondemand-pureita/master/channels/fastsubita.py</update_url>
    <active>true</active>
    <include_in_global_search>false</include_in_global_search>
    <version>06</version>
    <adult>true</adult>
    <date>02/10/2018</date>
    <changes>Update and Temporary Fix</changes>
	<categories>
        <category>serie</category>
        <category>vos</category>
    </categories>
</channel>

<channel>
    <id>ffilms</id>
    <name>FFilms</name>
    <language>it</language>
    <update_url>https://raw.githubusercontent.com/orione7/plugin.video.streamondemand-pureita/master/channels/ffilms.py</update_url>
    <active>false</active>
    <include_in_global_search>false</include_in_global_search>
    <version>03</version>
    <adult>true</adult>
    <date>08/05/2018</date>
    <changes>Update</changes>
	<categories>
	       <category>movie</category>
    </categories>
</channel>

<channel>
    <id>filmbelli</id>
    <name>Filmbelli.net</name>
    <language>it</language>
    <update_url>https://raw.githubusercontent.com/orione7/plugin.video.streamondemand-pureita/master/channels/filmbelli.py</update_url>
    <active>false</active>
    <include_in_global_search>false</include_in_global_search>
    <version>4</version>
    <adult>false</adult>
    <date>06/04/2018</date>
    <changes>Update</changes>
    <categories>
        <category>movie</category>
    </categories>
</channel>

<channel>
    <id>filmgratis</id>
    <name>FilmGratis</name>
    <language>it</language>
    <update_url>https://raw.githubusercontent.com/orione7/plugin.video.streamondemand-pureita/master/channels/filmgratis.py</update_url>
    <active>false</active>
    <include_in_global_search>false</include_in_global_search>
    <version>03</version>
    <adult>false</adult>
    <date>14/09/2018</date>
    <changes>First Release</changes>
    <categories>
        <category>movie</category>
    </categories>
</channel>

<channel>
    <id>filmhd</id>
    <name>filmhd</name>
    <language>it</language>
    <update_url>https://raw.githubusercontent.com/orione7/plugin.video.streamondemand-pureita/master/channels/filmhd.py</update_url>
    <active>false</active>
    <include_in_global_search>false</include_in_global_search>
    <version>4</version>
    <adult>false</adult>
    <date>16/04/2018</date>
    <changes>Temporary Disabled - Update</changes>
    <categories>
        <category>movie</category>
        <category>serie</category>
    </categories>
</channel>

<channel>
    <id>filmhdstreaming</id>
    <name>Filmhdstreaming</name>
    <language>it</language>
    <update_url>https://raw.githubusercontent.com/orione7/plugin.video.streamondemand-pureita/master/channels/filmhdstreaming.py</update_url>
    <active>false</active>
    <include_in_global_search>false</include_in_global_search>
    <version>06</version>
    <adult>false</adult>
    <date>19/09/2018</date>
    <changes>Disabled</changes>
    <categories>
        <category>movie</category>
    </categories>
</channel>   

<channel>
    <id>filmissimi</id>
    <name>Filmissimi</name>
    <language>it</language>
    <update_url>https://raw.githubusercontent.com/orione7/plugin.video.streamondemand-pureita/master/channels/filmissimi.py</update_url>
    <active>false</active>
    <include_in_global_search>false</include_in_global_search>
    <version>4</version>
    <adult>false</adult>
    <date>06/04/2018</date>
    <changes>Temporary Disabled</changes>
    <categories>
        <category>movie</category>
    </categories>
</channel>

<channel>
    <id>filmperevolvere</id>
    <name>Filmperevolvere</name>
    <language>it</language>
    <update_url>https://raw.githubusercontent.com/orione7/plugin.video.streamondemand-pureita/master/channels/filmperevolvere.py</update_url>
    <active>true</active>
    <include_in_global_search>true</include_in_global_search>
    <version>10</version>
    <adult>true</adult>
    <date>11/04/2018</date>
    <changes>Update</changes>
    <categories>
        <category>movie</category>
    </categories>
</channel>

<channel>
    <id>filmontv</id>
    <name>Oggi in TV</name>
    <language>it</language>
    <update_url>https://raw.githubusercontent.com/orione7/plugin.video.streamondemand-pureita/master/channels/filmontv.py</update_url>
    <active>true</active>
    <include_in_global_search>false</include_in_global_search>
    <version>21</version>
    <adult>false</adult>
    <date>24/08/2018</date>
    <changes>Update - Fix Global Search</changes>
    <categories>
        <category>movie</category>
        <category>serie</category>
        <category>anime</category>
        <category>vos</category>
    </categories>
</channel>


<channel>
    <id>filmpertutti</id>
    <name>Film per tutti</name>
    <language>it</language>
    <update_url>https://raw.githubusercontent.com/orione7/plugin.video.streamondemand-pureita/master/channels/filmpertutti.py</update_url>
    <active>true</active>
    <include_in_global_search>true</include_in_global_search>
    <version>28</version>
    <adult>false</adult>
    <date>23/08/2018</date>
    <changes>Update and Fix</changes>
    <categories>
        <category>movie</category>
        <category>serie</category>
        <category>anime</category>
        <category>Top Channel</category>
    </categories>
</channel>


<channel>
    <id>filmsenzalimiti_blue</id>
    <name>Filmsenzalimiti_blue</name>
    <language>it</language>
    <update_url>https://raw.githubusercontent.com/orione7/plugin.video.streamondemand-pureita/master/channels/filmsenzalimiti_blue.py</update_url>
    <active>true</active>
    <include_in_global_search>true</include_in_global_search>
    <version>06</version>
    <adult>false</adult>
    <date>07/11/2018</date>
    <changes>Temporary Fix</changes>
    <categories>
        <category>movie</category>
    </categories>
</channel>


<channel>
    <id>filmsenzalimiti_info</id>
    <name>Filmsenzalimiti_blue</name>
    <language>it</language>
    <update_url>https://raw.githubusercontent.com/orione7/plugin.video.streamondemand-pureita/master/channels/filmsenzalimiti_info.py</update_url>
    <active>true</active>
    <include_in_global_search>true</include_in_global_search>
    <version>10</version>
    <adult>false</adult>
    <date>27/09/2018</date>
    <changes>Update - Temporry Fix</changes>
    <categories>
        <category>movie</category>
        <category>serie</category>		
    </categories>
</channel>


<channel>
    <id>filmsenzalimiti</id>
    <name>Film Senza Limiti</name>
    <language>it</language>
    <update_url>https://raw.githubusercontent.com/orione7/plugin.video.streamondemand-pureita/master/channels/filmsenzalimiti.py</update_url>
    <active>true</active>
    <include_in_global_search>true</include_in_global_search>
    <version>23</version>
    <adult>false</adult>
    <date>27/09/2018</date>
    <changes>Temporary Fix</changes>
    <categories>
        <category>movie</category>
        <category>serie</category>
    </categories>
</channel>

<channel>
    <id>filmserietv</id>
    <name>filmserietv</name>
    <language>it</language>
    <update_url>https://raw.githubusercontent.com/orione7/plugin.video.streamondemand-pureita/master/channels/filmserietv.py</update_url>
    <active>false</active>
    <include_in_global_search>false</include_in_global_search>
    <version>03</version>
    <adult>false</adult>
    <date>03/07/2018</date>
    <changes>disabled</changes>
    <categories>
        <category>movie</category>
        <category>serie</category>
    </categories>
</channel>

<channel>
    <id>filmstream</id>
    <name>FilmStream.org</name>
    <language>it</language>
    <update_url>https://raw.githubusercontent.com/orione7/plugin.video.streamondemand-pureita/master/channels/filmstream.py</update_url>
    <active>false</active>
    <include_in_global_search>false</include_in_global_search>
    <version>21</version>
    <adult>false</adult>
    <date>04/07/2017</date>
    <changes>enabled</changes>
    <categories>
        <category>movie</category>
        <category>serie</category>
    </categories>
</channel>

<channel>
    <id>filmstream_biz</id>
    <name>filmstream_biz</name>
    <language>it</language>
    <update_url>https://raw.githubusercontent.com/orione7/plugin.video.streamondemand-pureita/master/channels/filmstream_biz.py</update_url>
    <active>true</active>
    <include_in_global_search>true</include_in_global_search>
    <version>04</version>
    <adult>false</adult>
    <date>26/06/2017</date>
    <changes>Enabled - update and Fix</changes>
    <categories>
        <category>movie</category>
    </categories>
</channel>

<channel>
    <id>filmstreaminghd</id>
    <name>FilmStreamingHD</name>
    <language>it</language>
    <update_url>https://raw.githubusercontent.com/orione7/plugin.video.streamondemand-pureita/master/channels/filmstreaminghd.py</update_url>
    <active>true</active>
    <include_in_global_search>true</include_in_global_search>
    <version>01</version>
    <adult>false</adult>
    <date>04/05/2018</date>
    <changes>First Release</changes>
    <categories>
        <category>movie</category>
        <category>serie</category>
        <category>Top Channels</category>
    </categories>
</channel>
	
<channel>
    <id>filmstreampw</id>
    <name>FilmStream.to</name>
    <language>it</language>
    <update_url>https://raw.githubusercontent.com/orione7/plugin.video.streamondemand-pureita/master/channels/filmstreampw.py</update_url>
    <active>false</active>
    <include_in_global_search>false</include_in_global_search>
    <version>19</version>
    <adult>false</adult>
    <date>06/04/2018</date>
    <changes>Disabled</changes>
    <categories>
        <category>movie</category>
    </categories>
</channel>


<channel>
    <id>filmstreaminggratis</id>
    <name>FilmStreamingGratis</name>
    <language>it</language>
    <update_url>https://raw.githubusercontent.com/orione7/plugin.video.streamondemand-pureita/master/channels/filmstreaminggratis.py</update_url>
    <active>true</active>
    <include_in_global_search>true</include_in_global_search>
    <version>1</version>
    <adult>false</adult>
    <date>27/02/2017</date>
    <changes>First Release</changes>
    <categories>
        <category>movie</category>
    </categories>
</channel>

<channel>
    <id>filmstreamingita</id>
    <name>FilmStreamingIta</name>
    <language>it</language>
    <update_url>https://raw.githubusercontent.com/orione7/plugin.video.streamondemand-pureita/master/channels/filmstreamingita.py</update_url>
    <active>true</active>
    <include_in_global_search>true</include_in_global_search>
    <version>05</version>
    <adult>false</adult>
    <date>03/11/2018</date>
    <changes>Enabled</changes>
    <categories>
        <category>movie</category>
    </categories>
</channel>

<channel>
    <id>filmstreaming01</id>
    <name>FilmStreaming01</name>
    <language>it</language>
    <update_url>https://raw.githubusercontent.com/orione7/plugin.video.streamondemand-pureita/master/channels/filmstreaming01.py</update_url>
    <active>true</active>
    <include_in_global_search>true</include_in_global_search>
    <version>01</version>
    <adult>false</adult>
    <date>07/11/2018</date>
    <changes>First Release</changes>
    <categories>
        <category>movie</category>
    </categories>
</channel>

<channel>
    <id>filmstreamingzone</id>
    <name>FilmStreamingZone</name>
    <language>it</language>
    <update_url>https://raw.githubusercontent.com/orione7/plugin.video.streamondemand-pureita/master/channels/filmstreamingzone.py</update_url>
    <active>false</active>
    <include_in_global_search>false</include_in_global_search>
    <version>02</version>
    <adult>false</adult>
    <date>06/04/2018</date>
    <changes>Disabled</changes>
    <categories>
        <category>movie</category>
        <category>serie</category>
    </categories>
</channel>    


<channel>
    <id>filmsubitotv</id>
    <name>FilmSubito</name>
    <language>it</language>
    <update_url>https://raw.githubusercontent.com/orione7/plugin.video.streamondemand-pureita/master/channels/filmsubitotv.py</update_url>
    <active>false</active>
    <include_in_global_search>false</include_in_global_search>
    <version>16</version>
    <adult>false</adult>
    <date>06/04/2018</date>
    <changes>Disabled</changes>
    <categories>
        <category>movie</category>
        <category>serie</category>
        <category>anime</category>
        <category>documentaries</category>
    </categories>
</channel>

<channel>
    <id>filmzstreaming</id>
    <name>FilmZStreaming</name>
    <language>it</language>
    <update_url>https://raw.githubusercontent.com/orione7/plugin.video.streamondemand-pureita/master/channels/filmzstreaming.py</update_url>
    <active>false</active>
    <include_in_global_search>false</include_in_global_search>
    <version>04</version>
    <adult>false</adult>
    <date>29/08/2018</date>
    <changes>Temporary Disabled</changes>
    <categories>
        <category>movie</category>
        <category>serie</category>
    </categories>
</channel>


<channel>
    <id>guarda_serie</id>
    <name>guarda_serie</name>
    <language>it</language>
    <update_url>https://raw.githubusercontent.com/orione7/plugin.video.streamondemand-pureita/master/channels/guarda_serie.py</update_url>
    <active>true</active>
    <include_in_global_search>true</include_in_global_search>
    <version>07</version>
    <adult>false</adult>
    <date>18/09/2018</date>
    <changes>Update and Temporary Fix</changes>
    <categories>
        <category>serie</category>
    </categories>
</channel>

<channel>
    <id>guardaserie_click</id>
    <name>GuardaSerie_click</name>
    <language>it</language>
    <update_url>https://raw.githubusercontent.com/orione7/plugin.video.streamondemand-pureita/master/channels/guardaserie_click.py</update_url>
    <active>true</active>
    <include_in_global_search>true</include_in_global_search>
    <version>02</version>
    <adult>false</adult>
    <date>12/09/2018</date>
    <changes>Update (guardaserieonline)</changes>
    <categories>
        <category>serie</category>
    </categories>
</channel>

<channel>
    <id>guardaserie_stream</id>
    <name>GuardaSerie_stream</name>
    <language>it</language>
    <update_url>https://raw.githubusercontent.com/orione7/plugin.video.streamondemand-pureita/master/channels/guardaserie_stream.py</update_url>
    <active>false</active>
    <include_in_global_search>false</include_in_global_search>
    <version>03</version>
    <adult>false</adult>
    <date>13/10/2018</date>
    <changes>Update</changes>
    <categories>
        <category>serie</category>
        <category>movie</category>
    </categories>
</channel>

<channel>
    <id>guardafilm</id>
    <name>GuardaFilm</name>
    <language>it</language>
    <update_url>https://raw.githubusercontent.com/orione7/plugin.video.streamondemand-pureita/master/channels/guardafilm.py</update_url>
    <active>false</active>
    <include_in_global_search>true</include_in_global_search>
    <version>05</version>
    <adult>false</adult>
    <date>13/09/2018</date>
    <changes>Update</changes>
    <categories>
        <category>movie</category>
    </categories>
</channel>

<channel>
    <id>guardarefilm</id>
    <name>GuardareFilm</name>
    <language>it</language>
    <update_url>https://raw.githubusercontent.com/orione7/plugin.video.streamondemand-pureita/master/channels/guardarefilm.py</update_url>
    <active>true</active>
    <include_in_global_search>true</include_in_global_search>
    <version>25</version>
    <adult>false</adult>
    <date>02/10/2018</date>
    <changes>Update and Fix</changes>
    <categories>
        <category>movie</category>
        <category>serie</category>
        <category>anime</category>
    </categories>
</channel>

<channel>
    <id>guardaserieonline</id>
    <name>Guardaserie.online</name>
    <language>it</language>
    <update_url>https://raw.githubusercontent.com/orione7/plugin.video.streamondemand-pureita/master/channels/guardaserieonline.py</update_url>
    <active>false</active>
    <include_in_global_search>false</include_in_global_search>
    <version>8</version>
    <adult>false</adult>
    <date>13/04/2018</date>
    <changes>Temporary Fix</changes>
    <categories>
        <category>Top Channel</category>
        <category>serie</category>
        <category>anime</category>
    </categories>
</channel>

<channel>
    <id>guardaserie</id>
    <name>Guardaserie</name>
    <language>it</language>
    <update_url>https://raw.githubusercontent.com/orione7/plugin.video.streamondemand-pureita/master/channels/guardaserie.py</update_url>
    <active>false</active>
    <include_in_global_search>false</include_in_global_search>
    <version>19</version>
    <adult>false</adult>
    <date>06/04/2018</date>
    <changes>Disabled</changes>
    <categories>
        <category>serie</category>
        <category>anime</category>
    </categories>
</channel>

<channel>
    <id>guardogratis</id>
    <name>GuardoGratis</name>
    <language>it</language>
    <update_url>https://raw.githubusercontent.com/orione7/plugin.video.streamondemand-pureita/master/channels/guardogratis.py</update_url>
    <active>true</active>
    <include_in_global_search>true</include_in_global_search>
    <version>04</version>
    <adult>false</adult>
    <date>12/09/2018</date>
    <changes>Update and Temporary Fix</changes>
    <categories>
        <category>movie</category>
        <category>serie</category>
    </categories>
</channel>

<channel>
    <id>hdblog</id>
    <name>HDBlog.it</name>
    <language>it</language>
    <update_url>https://raw.githubusercontent.com/orione7/plugin.video.streamondemand-pureita/master/channels/hdblog.py</update_url>
    <active>true</active>
    <include_in_global_search>false</include_in_global_search>
    <version>04</version>
    <adult>false</adult>
    <date>18/05/2018</date>
    <changes>Update</changes>
    <categories>
        <category>Documentaries</category>
    </categories>
</channel>


<channel>
    <id>hdgratis</id>
    <name>HDGratis</name>
    <language>it</language>
    <update_url>https://raw.githubusercontent.com/orione7/plugin.video.streamondemand-pureita/master/channels/hdgratis.py</update_url>
    <active>false</active>
    <include_in_global_search>false</include_in_global_search>
    <version>18</version>
    <adult>false</adult>
    <date>11/04/2018</date>
    <changes>Fix Host</changes>
    <categories>
        <category>movie</category>
        <category>anime</category>
        <category>vos</category>
    </categories>
</channel>

<channel>
    <id>hdstreamingit</id>
    <name>hdstreamingit</name>
    <language>it</language>
    <update_url>https://raw.githubusercontent.com/orione7/plugin.video.streamondemand-pureita/master/channels/hdstreamingit.py</update_url>
    <active>false</active>
    <include_in_global_search>false</include_in_global_search>
    <version>17</version>
    <adult>false</adult>
    <date>24/02/2017</date>
    <changes>Disabled</changes>
    <categories>
        <category>movie</category>
    </categories>
</channel>


<channel>
    <id>hokutonoken</id>
    <name>Hokuto no Ken</name>
    <language>it</language>
    <update_url>https://raw.githubusercontent.com/orione7/plugin.video.streamondemand-pureita/master/channels/hokutonoken.py</update_url>
    <active>false</active>
    <include_in_global_search>false</include_in_global_search>
    <version>3</version>
    <adult>false</adult>
    <date>06/04/2018</date>
    <changes>Disabled</changes>
    <categories>
        <category>serie</category>
        <category>anime</category>
    </categories>
</channel>

<channel>
    <id>ilgeniodellostreaming</id>
    <name>IlGenioDelloStreaming</name>
    <language>it</language>
    <update_url>https://raw.githubusercontent.com/orione7/plugin.video.streamondemand-pureita/master/channels/ilgeniodellostreaming.py</update_url>
    <active>false</active>
    <include_in_global_search>false</include_in_global_search>
    <version>12</version>
    <adult>false</adult>
    <date>07/11/2018</date>
    <changes>Temporary Fix</changes>
    <categories>
        <category>movie</category>
        <category>serie</category>
        <category>anime</category>
    </categories>
</channel>    

  <channel>
    <id>ilgiramondo</id>
    <name>IlGiramondo</name>
    <language>it</language>
    <update_url>https://raw.githubusercontent.com/orione7/plugin.video.streamondemand-pureita/master/channels/ilgiramondo.py</update_url>
    <active>true</active>
    <include_in_global_search>false</include_in_global_search>
    <version>4</version>
    <adult>false</adult>
    <date>11/04/2018</date>
    <changes>First Release</changes>
    <categories>
        <category>Documentaries</category>
    </categories>
</channel>   
    
<channel>
    <id>istreaming</id>
    <name>Istreaming</name>
    <language>it</language>
    <update_url>https://raw.githubusercontent.com/orione7/plugin.video.streamondemand-pureita/master/channels/istreaming.py</update_url>
    <active>false</active>
    <include_in_global_search>false</include_in_global_search>
    <version>7</version>
    <adult>false</adult>
    <date>11/04/2018</date>
    <changes>Update</changes>
    <categories>
        <category>movie</category>
    </categories>
</channel>    
    
<channel>
    <id>itafilmtv</id>
    <name>ItaFilm.t</name>
    <language>it</language>
    <update_url>https://raw.githubusercontent.com/orione7/plugin.video.streamondemand-pureita/master/channels/itafilmtv.py</update_url>
    <active>false</active>
    <include_in_global_search>false</include_in_global_search>
    <version>17</version>
    <adult>false</adult>
    <date>05/03/2017</date>
    <changes>Partial Fix</changes>
    <categories>
        <category>movie</category>
        <category>serie</category>
        <category>anime</category>
        <category>Documentaries</category>
    </categories>
</channel>


<channel>
    <id>italiafilm</id>
    <name>Italia-Film.co</name>
    <language>it</language>
    <update_url>https://raw.githubusercontent.com/orione7/plugin.video.streamondemand-pureita/master/channels/italiafilm.py</update_url>
    <active>true</active>
    <include_in_global_search>true</include_in_global_search>
    <version>34</version>
    <adult>false</adult>
    <date>02/10/2018</date>
    <changes>Update and Partial Fix</changes>
    <categories>
        <category>movie</category>
        <category>serie</category>
        <category>Top channels</category>
    </categories>
</channel>

<channel>
    <id>italiafilm01</id>
    <name>ItaliaFilm01</name>
    <language>it</language>
    <update_url>https://raw.githubusercontent.com/orione7/plugin.video.streamondemand-pureita/master/channels/italiafilm01.py</update_url>
    <active>false</active>
    <include_in_global_search>false</include_in_global_search>
    <version>02</version>
    <adult>false</adult>
    <date>11/04/2018</date>
    <changes>Update</changes>
    <categories>
        <category>movie</category>
        <category>anime</category>
    </categories>
</channel>

<channel>
    <id>italiafilmvideohd</id>
    <name>Italiafilmvideo HD</name>
    <language>it</language>
    <update_url>https://raw.githubusercontent.com/orione7/plugin.video.streamondemand-pureita/master/channels/italiafilmvideohd.py</update_url>
    <active>true</active>
    <include_in_global_search>true</include_in_global_search>
    <version>13</version>
    <adult>false</adult>
    <date>12/08/2018</date>
    <changes>Update and Temporary Fix</changes>
    <categories>
        <category>movie</category>
        <category>anime</category>
        <category>vos</category>
    </categories>
</channel>


<channel>
    <id>italianstream</id>
    <name>Italian-Stream</name>
    <language>it</language>
    <update_url>https://raw.githubusercontent.com/orione7/plugin.video.streamondemand-pureita/master/channels/italianstream.py</update_url>
    <active>false</active>
    <include_in_global_search>false</include_in_global_search>
    <version>12</version>
    <adult>false</adult>
    <date>24/02/2017</date>
    <changes>Disabled</changes>
    <categories>
        <category>movie</category>
        <category>serie</category>
        <category>vos</category>
    </categories>
</channel>


<channel>
    <id>italiaserie</id>
    <name>Italia Serie</name>
    <language>it</language>
    <update_url>https://raw.githubusercontent.com/orione7/plugin.video.streamondemand-pureita/master/channels/italiaserie.py</update_url>
    <active>false</active>
    <include_in_global_search>false</include_in_global_search>
    <version>17</version>
    <adult>false</adult>
    <date>06/04/2018</date>
    <changes>Update Host</changes>
    <categories>
        <category>serie</category>
    </categories>
</channel>

<channel>
    <id>italiaserie_uno</id>
    <name>italiaserie_uno</name>
    <language>it</language>
    <update_url>https://raw.githubusercontent.com/orione7/plugin.video.streamondemand-pureita/master/channels/italiaserie_uno.py</update_url>
    <active>true</active>
    <include_in_global_search>true</include_in_global_search>
    <version>03</version>
    <adult>false</adult>
    <date>25/10/2018</date>
    <changes>Added to Channelslist</changes>
    <categories>
        <category>serie</category>
    </categories>
</channel>

<channel>
    <id>italiaserienews</id>
    <name>italiaserienews</name>
    <language>it</language>
    <update_url>https://raw.githubusercontent.com/orione7/plugin.video.streamondemand-pureita/master/channels/italiaserienews.py</update_url>
    <active>false</active>
    <include_in_global_search>false</include_in_global_search>
    <version>7</version>
    <adult>false</adult>
    <date>06/04/2018</date>
    <changes>Disabled</changes>
    <categories>
        <category>serie</category>
    </categories>
</channel>
    
    
<channel>
    <id>itastreaming</id>
    <name>ItaStreaming</name>
    <language>it</language>
    <update_url>https://raw.githubusercontent.com/orione7/plugin.video.streamondemand-pureita/master/channels/itastreaming.py</update_url>
    <active>true</active>
    <include_in_global_search>true</include_in_global_search>
    <version>20</version>
    <adult>false</adult>
    <date>09/11/2018</date>
    <changes>Update</changes>
    <categories>
        <category>movie</category>
    </categories>
</channel>

<channel>
    <id>itflix_stream</id>
    <name>itflix_stream</name>
    <language>it</language>
    <update_url>https://raw.githubusercontent.com/orione7/plugin.video.streamondemand-pureita/master/channels/itflix_stream.py</update_url>
    <active>false</active>
    <include_in_global_search>true</include_in_global_search>
    <version>05</version>
    <adult>false</adult>
    <date>03/07/2018</date>
    <changes>disabled</changes>
    <categories>
        <category>movie</category>
    </categories>
</channel>

<channel>
    <id>liberoita</id>
    <name>LiberoITA</name>
    <language>it</language>
    <update_url>https://raw.githubusercontent.com/orione7/plugin.video.streamondemand-pureita/master/channels/liberoita.py</update_url>
    <active>false</active>
    <include_in_global_search>false</include_in_global_search>
    <version>20</version>
    <adult>false</adult>
    <date>11/04/2018</date>
    <changes>Update</changes>
    <categories>
        <category>movie</category>
    </categories>
</channel>

<channel>
    <id>leserietv</id>
    <name>Leserietv</name>
    <language>it</language>
    <update_url>https://raw.githubusercontent.com/orione7/plugin.video.streamondemand-pureita/master/channels/leserietv.py</update_url>
    <active>false</active>
    <include_in_global_search>false</include_in_global_search>
    <version>12</version>
    <adult>false</adult>
    <date>23/04/2018</date>
    <changes>Temporary Disabled</changes>
    <categories>
        <category>serie</category>
    </categories>
</channel>

<channel>
    <id>linkstreaming</id>
    <name>LinkStreaming</name>
    <language>it</language>
    <update_url>https://raw.githubusercontent.com/orione7/plugin.video.streamondemand-pureita/master/channels/linkstreaming.py</update_url>
    <active>false</active>
    <include_in_global_search>false</include_in_global_search>
    <version>06</version>
    <adult>false</adult>
    <date>29/08/2018</date>
    <changes>Temporary Disabled</changes>
    <categories>
        <category>movie</category>
        <category>serie</category>
        <category>top channel</category>
    </categories>
</channel>

<channel>
    <id>libreria</id>
    <name>Libreria</name>
    <language>it</language>
    <update_url>https://raw.githubusercontent.com/orione7/plugin.video.streamondemand-pureita/master/channels/libreria.py</update_url>
    <active>true</active>
    <include_in_global_search>false</include_in_global_search>
    <version>3</version>
    <adult>false</adult>
    <date>08/08/2016</date>
    <changes>Prima versione di Pelisalacarta 4</changes>
</channel>

<channel>
    <id>majintoon</id>
    <name>Majintoon</name>
    <language>it</language>
    <update_url>https://raw.githubusercontent.com/orione7/plugin.video.streamondemand-pureita/master/channels/majintoon.py</update_url>
    <active>true</active>
    <include_in_global_search>true</include_in_global_search>
    <version>05</version>
    <adult>false</adult>
    <date>23/05/2018</date>
    <changes>Update and Fix</changes>
</channel>

<channel>
    <id>megafiletube</id>
    <name>Megafiletube</name>
    <language>it</language>
    <update_url>https://raw.githubusercontent.com/orione7/plugin.video.streamondemand-pureita/master/channels/megafiletube.py</update_url>
    <active>false</active>
    <include_in_global_search>false</include_in_global_search>
    <version>4</version>
    <adult>false</adult>
    <date>06/04/2018</date>
    <changes>Disabled</changes>
    <categories>
        <category>movie</category>
    </categories>
</channel>

<channel>
    <id>megavideo_one</id>
    <name>megavideo_one</name>
    <language>it</language>
    <update_url>https://raw.githubusercontent.com/orione7/plugin.video.streamondemand-pureita/master/channels/megavideo_one.py</update_url>
    <active>false</active>
    <include_in_global_search>false</include_in_global_search>
    <version>04</version>
    <adult>false</adult>
    <date>23/10/2018</date>
    <changes>disabled</changes>
    <categories>
        <category>movie</category>
    </categories>
</channel> 

<channel>
    <id>misterstreaming</id>
    <name>Misterstreaming</name>
    <language>it</language>
    <update_url>https://raw.githubusercontent.com/orione7/plugin.video.streamondemand-pureita/master/channels/misterstreaming.py</update_url>
    <active>false</active>
    <include_in_global_search>false</include_in_global_search>
    <version>4</version>
    <adult>false</adult>
    <date>06/04/2018</date>
    <changes>Disabled</changes>
    <categories>
        <category>movie</category>
        <category>serie</category>
    </categories>
</channel>    
 
<channel>
    <id>mondolunatico_hd</id>
    <name>Mondo Lunatico HD</name>
    <language>it</language>
    <update_url>https://raw.githubusercontent.com/orione7/plugin.video.streamondemand-pureita/master/channels/mondolunatico_hd.py</update_url>
    <active>true</active>
    <include_in_global_search>false</include_in_global_search>
    <version>03</version>
    <adult>false</adult>
    <date>14/10/2018</date>
    <changes>Partial Fix</changes>
    <categories>
        <category>movie</category>
    </categories>
</channel>
 
<channel>
    <id>mondolunatico</id>
    <name>MondoLunatico</name>
    <language>it</language>
    <update_url>https://raw.githubusercontent.com/orione7/plugin.video.streamondemand-pureita/master/channels/mondolunatico.py</update_url>
    <active>true</active>
    <include_in_global_search>false</include_in_global_search>
    <version>17</version>
    <adult>false</adult>
    <date>08/01/2017</date>
    <changes>Update</changes>
    <categories>
        <category>movie</category>
    </categories>
</channel>

<channel>
    <id>mondolunatico_new</id>
    <name>Mondo Lunatico New</name>
    <language>it</language>
    <update_url>https://raw.githubusercontent.com/orione7/plugin.video.streamondemand-pureita/master/channels/mondolunatico_new.py</update_url>
    <active>true</active>
    <include_in_global_search>true</include_in_global_search>
    <version>07</version>
    <adult>false</adult>
    <date>11/09/2018</date>
    <changes>Update and Partial Fix</changes>
    <categories>
        <category>movie</category>
    </categories>
</channel>

<channel>
    <id>netflixsrc</id>
    <name>netflixsrc</name>
    <language>it</language>
    <update_url>https://raw.githubusercontent.com/orione7/plugin.video.streamondemand-pureita/master/channels/netflixsrc.py</update_url>
    <active>true</active>
    <include_in_global_search>false</include_in_global_search>
    <version>04</version>
    <adult>false</adult>
    <date>15/05/2017</date>
    <changes>Update</changes>
    <categories>
        <category>movie</category>
        <category>serie</category>
    </categories>
</channel>
 
<channel>
    <id>netlover</id>
    <name>netlover</name>
    <language>it</language>
    <update_url>https://raw.githubusercontent.com/orione7/plugin.video.streamondemand-pureita/master/channels/netlover.py</update_url>
    <active>true</active>
    <include_in_global_search>false</include_in_global_search>
    <version>01</version>
    <adult>false</adult>
    <date>08/06/2018</date>
    <changes>Enabled in Channelslist</changes>
    <categories>
        <category>movie</category>
        <category>serie</category>
    </categories>
</channel>	
 
<channel>
    <id>naruto</id>
    <name>Naruto</name>
    <language>it</language>
    <update_url>https://raw.githubusercontent.com/orione7/plugin.video.streamondemand-pureita/master/channels/naruto.py</update_url>
    <active>false</active>
    <include_in_global_search>false</include_in_global_search>
    <version>02</version>
    <adult>false</adult>
    <date>04/06/2018</date>
    <changes>Disabled</changes>
    <categories>
        <category>anime</category>
    </categories>
</channel>


<channel>
    <id>novedades</id>
    <name>Novedades</name>
    <language>it</language>
    <update_url>https://raw.githubusercontent.com/orione7/plugin.video.streamondemand-pureita/master/channels/novedades.py</update_url>
    <active>true</active>
    <include_in_global_search>false</include_in_global_search>
    <version>10</version>
    <adult>false</adult>
    <date>13/09/2018</date>
    <changes>Update</changes>
</channel>


<channel>
    <id>pastebin</id>
    <name>Pastebin</name>
    <language>it</language>
    <update_url>https://raw.githubusercontent.com/orione7/plugin.video.streamondemand-pureita/master/channels/pastebin.py</update_url>
    <active>false</active>
    <include_in_global_search>false</include_in_global_search>
    <version>3</version>
    <adult>false</adult>
    <date>06/04/2018</date>
    <changes>Disabled</changes>
    <categories>
        <category>movie</category>
        <category>serie</category>
        <category>anime</category>
        <category>vos</category>
        <category>User</category>
    </categories>
</channel>


<channel>
    <id>pianetastreaming</id>
    <name>Pianeta Streaming</name>
    <language>it</language>
    <update_url>https://raw.githubusercontent.com/orione7/plugin.video.streamondemand-pureita/master/channels/pianetastreaming.py</update_url>
    <active>false</active>
    <include_in_global_search>false</include_in_global_search>
    <version>10</version>
    <adult>false</adult>
    <date>06/04/2018</date>
    <changes>Disabled</changes>
    <categories>
        <category>movie</category>
    </categories>
</channel>


<channel>
    <id>piratestreaming</id>
    <name>Pirate Streaming</name>
    <language>it</language>
    <update_url>https://raw.githubusercontent.com/orione7/plugin.video.streamondemand-pureita/master/channels/piratestreaming.py</update_url>
    <active>true</active>
    <include_in_global_search>true</include_in_global_search>
    <version>20</version>
    <adult>false</adult>
    <date>13/09/2018</date>
    <changes>Partial Fix</changes>
    <categories>
        <category>movie</category>
        <category>serie</category>
        <category>anime</category>
    </categories>
</channel>


<channel>
    <id>playcinema</id>
    <name>Playcinema.org</name>
    <language>it</language>
    <update_url>https://raw.githubusercontent.com/orione7/plugin.video.streamondemand-pureita/master/channels/playcinema.py</update_url>
    <active>false</active>
    <include_in_global_search>false</include_in_global_search>
    <version>11</version>
    <adult>false</adult>
    <date>24/02/2017</date>
    <changes>Disable</changes>
    <categories>
        <category>movie</category>
    </categories>
</channel>


<channel>
    <id>portalehd</id>
    <name>PortaleHD</name>
    <language>it</language>
    <update_url>https://raw.githubusercontent.com/orione7/plugin.video.streamondemand-pureita/master/channels/portalehd.py</update_url>
    <active>false</active>
    <include_in_global_search>false</include_in_global_search>
    <version>19</version>
    <adult>false</adult>
    <date>24/02/2017</date>
    <changes>Disable</changes>
    <categories>
        <category>movie</category>
        <category>serie</category>
        <category>anime</category>
    </categories>
</channel>

<channel>
    <id>programmazione</id>
    <name>Corsi Programmazione</name>
    <language>it</language>
    <update_url>https://raw.githubusercontent.com/orione7/plugin.video.streamondemand-pureita/master/channels/programmazione.py</update_url>
    <active>false</active>
    <include_in_global_search>false</include_in_global_search>
    <version>5</version>
    <adult>false</adult>
    <date>11/04/2018</date>
    <changes>Update programmazione</changes>
    <categories>
        <category>Didattica</category>
    </categories>
</channel>

<channel>
    <id>pyaes</id>
    <name>pyaes</name>
    <language>es</language>
    <update_url>https://raw.githubusercontent.com/orione7/plugin.video.streamondemand-pureita/master/channels/pyaes.py</update_url>
    <active>true</active>
    <include_in_global_search>false</include_in_global_search>
    <version>1</version>
    <adult>false</adult>
    <date>24/02/2017</date>
    <changes>Fix For Channel "ilmperevolvere"</changes>
</channel>    

<channel>
    <id>ricettevideo</id>
    <name>Ricettevideo</name>
    <language>it</language>
    <update_url>https://raw.githubusercontent.com/orione7/plugin.video.streamondemand-pureita/master/channels/ricettevideo.py</update_url>
    <active>true</active>
    <include_in_global_search>false</include_in_global_search>
    <version>04</version>
    <adult>false</adult>
    <date>14/09/2018</date>
    <changes>small fix</changes>
    <categories>
        <category>Documentaries</category>
    </categories>
</channel>

<channel>
    <id>sabwap</id>
    <name>SabWap</name>
    <language>it</language>
    <update_url>https://raw.githubusercontent.com/orione7/plugin.video.streamondemand-pureita/master/channels/sabwap.py</update_url>
    <active>false</active>
    <include_in_global_search>false</include_in_global_search>
    <version>1</version>
    <adult>false</adult>
    <date>27/02/2017</date>
    <changes>First Release</changes>
    <categories>
        <category>Movie</category>
    </categories>
</channel>


<channel>
    <id>saghe</id>
    <name>Saghe</name>
    <language>it</language>
    <update_url>https://raw.githubusercontent.com/orione7/plugin.video.streamondemand-pureita/master/channels/saghe.py</update_url>
    <active>true</active>
    <include_in_global_search>false</include_in_global_search>
    <version>6</version>
    <adult>false</adult>
    <date>28/06/2017</date>
    <changes>Changed API</changes>
</channel>


<channel>
    <id>saintseiya</id>
    <name>Saint Seiya</name>
    <language>it</language>
    <update_url>https://raw.githubusercontent.com/orione7/plugin.video.streamondemand-pureita/master/channels/saintseiya.py</update_url>
    <active>false</active>
    <include_in_global_search>false</include_in_global_search>
    <version>5</version>
    <adult>false</adult>
    <date>06/04/2018</date>
    <changes>Disabled/changes>
    <categories>
        <category>anime</category>
    </categories>
</channel>


<channel>
    <id>scambioetico</id>
    <name>Scambioetico</name>
    <language>it</language>
    <update_url>https://raw.githubusercontent.com/orione7/plugin.video.streamondemand-pureita/master/channels/scambioetico.py</update_url>
    <active>false</active>
    <include_in_global_search>false</include_in_global_search>
    <version>14</version>
    <adult>false</adult>
    <date>24/02/2017</date>
    <changes>Disabled</changes>
    <categories>
        <category>movie</category>
    </categories>
</channel>

<channel>
    <id>scambiofile</id>
    <name>Scambiofile</name>
    <language>it</language>
    <update_url>https://raw.githubusercontent.com/orione7/plugin.video.streamondemand-pureita/master/channels/scambiofile.py</update_url>
    <active>false</active>
    <include_in_global_search>false</include_in_global_search>
    <version>5</version>
    <adult>false</adult>
    <date>06/04/2018</date>
    <changes>Disabled</changes>
    <categories>
        <category>movie</category>
    </categories>
</channel>

<channel>
    <id>seriehd</id>
    <name>Serie HD</name>
    <language>it</language>
    <update_url>https://raw.githubusercontent.com/orione7/plugin.video.streamondemand-pureita/master/channels/seriehd.py</update_url>
    <active>true</active>
    <include_in_global_search>true</include_in_global_search>
    <version>38</version>
    <adult>false</adult>
    <date>09/11/2018</date>
    <changes>Update and Temporary Fix</changes>
    <categories>
        <category>serie</category>
    </categories>
</channel>

<channel>
    <id>serietvhd_stream</id>
    <name>serietvhd_stream</name>
    <language>it</language>
    <update_url>https://raw.githubusercontent.com/orione7/plugin.video.streamondemand-pureita/master/channels/serietvhd_stream.py</update_url>
    <active>false</active>
    <include_in_global_search>false</include_in_global_search>
    <version>02</version>
    <adult>false</adult>
    <date>03/07/2018</date>
    <changes>disabled</changes>
    <categories>
        <category>serie</category>
    </categories>
</channel>

<channel>
    <id>serietvonline</id>
    <name>Serietvonline</name>
    <language>it</language>
    <update_url>https://raw.githubusercontent.com/orione7/plugin.video.streamondemand-pureita/master/channels/serietvonline.py</update_url>
    <active>true</active>
    <include_in_global_search>true</include_in_global_search>
    <version>10</version>
    <adult>false</adult>
    <date>14/10/2018</date>
    <changes>Fix and Temporary Update</changes>
    <categories>
        <category>serie</category>
    </categories>
</channel>


<channel>
    <id>serietvsubita</id>
    <name>Serie TV Sub ITA</name>
    <language>it</language>
    <update_url>https://raw.githubusercontent.com/orione7/plugin.video.streamondemand-pureita/master/channels/serietvsubita.py</update_url>
    <active>true</active>
    <include_in_global_search>true</include_in_global_search>
    <version>11</version>
    <adult>false</adult>
    <date>13/09/2018</date>
    <changes>Update and Fix</changes>
    <categories>
        <category>serie</category>
        <category>vos</category>
    </categories>
</channel>

<channel>
    <id>serietvu</id>
    <name>SerieTVU</name>
    <language>it</language>
    <update_url>https://raw.githubusercontent.com/orione7/plugin.video.streamondemand-pureita/master/channels/serietvu.py</update_url>
    <active>true</active>
    <include_in_global_search>true</include_in_global_search>
    <version>11</version>
    <adult>false</adult>
    <date>02/10/2018</date>
    <changes>Update</changes>
    <categories>
        <category>serie</category>
        <category>top channels</category>
    </categories>
</channel>

<channel>
    <id>solostreaming_co</id>
    <name>solostreaming_co</name>
    <language>it</language>
    <update_url>https://raw.githubusercontent.com/orione7/plugin.video.streamondemand-pureita/master/channels/solostreaming_co.py</update_url>
    <active>true</active>
    <include_in_global_search>true</include_in_global_search>
    <version>05</version>
    <adult>false</adult>
    <date>14/09/2018</date>
    <changes>Update and Fix</changes>
    <categories>
        <category>movie</category>
        <category>serie</category>
        <category>anime</category>
    </categories>
</channel>

<channel>
    <id>streaminghd</id>
    <name>StreamingHD</name>
    <language>it</language>
    <update_url>https://raw.githubusercontent.com/orione7/plugin.video.streamondemand-pureita/master/channels/streaminghd.py</update_url>
    <active>true</active>
    <include_in_global_search>true</include_in_global_search>
    <version>06</version>
    <adult>false</adult>
    <date>07/11/2018</date>
    <changes>Temporary Fix</changes>
    <categories>
        <category>movie</category>
        <category>serie</category>
    </categories>
</channel>


<channel>
    <id>solostreaming</id>
    <name>Solo-Streaming</name>
    <language>it</language>
    <update_url>https://raw.githubusercontent.com/orione7/plugin.video.streamondemand-pureita/master/channels/solostreaming.py</update_url>
    <active>false</active>
    <include_in_global_search>false</include_in_global_search>
    <version>12</version>
    <adult>false</adult>
    <date>06/04/2018</date>
    <changes>Disabled</changes>
    <categories>
        <category>movie</category>
        <category>serie</category>
        <category>anime</category>
        <category>documentaries</category>
    </categories>
</channel>


<channel>
    <id>soloserie</id>
    <name>soloserie</name>
    <language>it</language>
    <update_url>https://raw.githubusercontent.com/orione7/plugin.video.streamondemand-pureita/master/channels/soloserie.py</update_url>
    <active>false</active>
    <include_in_global_search>false</include_in_global_search>
    <version>8</version>
    <adult>false</adult>
    <date>06/04/2018</date>
    <changes>update</changes>
    <categories>
        <category>serie</category>
    </categories>
</channel>



<channel>
    <id>southparkita</id>
    <name>SouthParkITA Streaming</name>
    <language>it</language>
    <update_url>https://raw.githubusercontent.com/orione7/plugin.video.streamondemand-pureita/master/channels/southparkita.py</update_url>
    <active>false</active>
    <include_in_global_search>false</include_in_global_search>
    <version>4</version>
    <adult>false</adult>
    <date>24/02/2017</date>
    <changes>Disabled</changes>
    <categories>
        <category>serie</category>
        <category>anime</category>
    </categories>
</channel>


<channel>
    <id>streamblog</id>
    <name>StreamBlog</name>
    <language>it</language>
    <update_url>https://raw.githubusercontent.com/orione7/plugin.video.streamondemand-pureita/master/channels/streamblog.py</update_url>
    <active>false</active>
    <include_in_global_search>false</include_in_global_search>
    <version>10</version>
    <adult>false</adult>
    <date>06/04/2018</date>
    <changes>Disabled from channelslist</changes>
    <categories>
        <category>movie</category>
        <category>serie</category>
        <category>anime</category>
    </categories>
</channel>


<channel>
    <id>streaming01</id>
    <name>Streaming01</name>
    <language>it</language>
    <update_url>https://raw.githubusercontent.com/orione7/plugin.video.streamondemand-pureita/master/channels/streaming01.py</update_url>
    <active>false</active>
    <include_in_global_search>False</include_in_global_search>
    <version>11</version>
    <adult>false</adult>
    <date>24/02/2017</date>
    <changes>disable</changes>
    <categories>
        <category>movie</category>
    </categories>
</channel>

<channel>
    <id>streamingitaliano</id>
    <name>StreamingItaliano</name>
    <language>it</language>
    <update_url>https://raw.githubusercontent.com/orione7/plugin.video.streamondemand-pureita/master/channels/streamingitaliano.py</update_url>
    <active>false</active>
    <include_in_global_search>false</include_in_global_search>
    <version>02</version>
    <adult>false</adult>
    <date>06/04/2018</date>
    <changes>Disabled from channelslist</changes>
    <categories>
        <category>movie</category>
    </categories>
</channel>

<channel>
    <id>streaminglove</id>
    <name>StreamingLove</name>
    <language>it</language>
    <update_url>https://raw.githubusercontent.com/orione7/plugin.video.streamondemand-pureita/master/channels/streaminglove.py</update_url>
    <active>false</active>
    <include_in_global_search>false</include_in_global_search>
    <version>7</version>
    <adult>false</adult>
    <date>25/01/2018</date>
    <changes>Disabled</changes>
    <categories>
        <category>movie</category>
    </categories>
</channel>    

<channel>
    <id>streamingpopcorn</id>
    <name>StreamingPopcorn</name>
    <language>it</language>
    <update_url>https://raw.githubusercontent.com/orione7/plugin.video.streamondemand-pureita/master/channels/streamingpopcorn.py</update_url>
    <active>false</active>
    <include_in_global_search>true</include_in_global_search>
    <version>9</version>
    <adult>false</adult>
    <date>30/03/2017</date>
    <changes>Disabled</changes>
    <categories>
        <category>movie</category>
    </categories>
</channel>

<channel>
    <id>subzero</id>
    <name>SubZero</name>
    <language>it</language>
    <update_url>https://raw.githubusercontent.com/orione7/plugin.video.streamondemand-pureita/master/channels/subzero.py</update_url>
    <active>false</active>
    <include_in_global_search>false</include_in_global_search>
    <version>2</version>
    <adult>false</adult>
    <date>05/03/2017</date>
    <changes>disable</changes>
    <categories>
        <category>torrent</category>
    </categories>
</channel>


<channel>
    <id>strfilm</id>
    <name>Strfilm</name>
    <language>it</language>
    <update_url>https://raw.githubusercontent.com/orione7/plugin.video.streamondemand-pureita/master/channels/strfilm.py</update_url>
    <active>false</active>
    <include_in_global_search>false</include_in_global_search>
    <version>8</version>
    <adult>false</adult>
    <date>24/02/2017</date>
    <changes>Disable</changes>
    <categories>
        <category>movie</category>
    </categories>
</channel>


<channel>
    <id>tantifilm</id>
    <name>Tantifilm</name>
    <language>it</language>
    <update_url>https://raw.githubusercontent.com/orione7/plugin.video.streamondemand-pureita/master/channels/tantifilm.py</update_url>
    <active>true</active>
    <include_in_global_search>false</include_in_global_search>
    <version>21</version>
    <adult>false</adult>
    <date>29/10/2018</date>
    <changes>Temporary Fix</changes>
    <categories>
        <category>movie</category>
        <category>serie</category>
        <category>anime</category>
    </categories>
</channel>


<channel>
    <id>thelordofstreaming</id>
    <name>thelordofstreaming</name>
    <language>it</language>
    <update_url>https://raw.githubusercontent.com/orione7/plugin.video.streamondemand-pureita/master/channels/thelordofstreaming.py</update_url>
    <active>true</active>
    <include_in_global_search>true</include_in_global_search>
    <version>11</version>
    <adult>false</adult>
    <date>13/09/2018</date>
    <changes>Update and Temporary Fix</changes>
    <categories>
        <category>Top Channels</category>
        <category>movie</category>
        <category>serie</category>
    </categories>
</channel>


<channel>
    <id>tenentecolombo</id>
    <name>tenentecolombo</name>
    <language>it</language>
    <update_url>https://raw.githubusercontent.com/orione7/plugin.video.streamondemand-pureita/master/channels/tenentecolombo.py</update_url>
    <active>false</active>
    <include_in_global_search>false</include_in_global_search>
    <version>6</version>
    <adult>false</adult>
    <date>24/02/2017</date>
    <changes>Disabled</changes>
    <categories>
        <category>Serie</category>
    </categories>
</channel>


<channel>
    <id>tengourl</id>
    <name>TengoUrL</name>
    <language>it</language>
    <update_url>https://raw.githubusercontent.com/orione7/plugin.video.streamondemand-pureita/master/channels/tengourl.py</update_url>
    <active>true</active>
    <include_in_global_search>false</include_in_global_search>
    <version>2</version>
    <adult>false</adult>
    <date>08/08/2016</date>
    <changes>Update</changes>
    <categories>
        <category>movie</category>
        <category>serie</category>
        <category>anime</category>
        <category>vos</category>
        <category>Documentaries</category>
    </categories>
</channel>


<channel>
    <id>toonitalia</id>
    <name>toonitalia</name>
    <language>it</language>
    <update_url>https://raw.githubusercontent.com/orione7/plugin.video.streamondemand-pureita/master/channels/toonitalia.py</update_url>
    <active>false</active>
    <include_in_global_search>false</include_in_global_search>
    <version>12</version>
    <adult>false</adult>
    <date>24/02/2017</date>
    <changes>Disable</changes>
    <categories>
        <category>anime</category>
    </categories>
</channel>

<channel>
    <id>umsfunsub</id>
    <name>UMSFunSub</name>
    <language>it</language>
    <update_url>https://raw.githubusercontent.com/orione7/plugin.video.streamondemand-pureita/master/channels/umsfunsub.py</update_url>
    <active>false</active>
    <include_in_global_search>false</include_in_global_search>
    <version>1</version>
    <adult>false</adult>
    <date>27/02/2017</date>
    <changes>Disable</changes>
    <categories>
        <category>anime</category>
    </categories>
</channel>


<channel>
    <id>vediserie</id>
    <name>VediSerie</name>
    <language>it</language>
    <update_url>https://raw.githubusercontent.com/orione7/plugin.video.streamondemand-pureita/master/channels/vediserie.py</update_url>
    <active>false</active>
    <include_in_global_search>false</include_in_global_search>
    <version>16</version>
    <adult>false</adult>
    <date>29/08/2018</date>
    <changes>Temporary Disabled</changes>
    <categories>
        <category>serie</category>
        <category>Top Channels</category>
    </categories>
</channel>

<channel>
    <id>vedohd</id>
    <name>VedoHD</name>
    <language>it</language>
    <update_url>https://raw.githubusercontent.com/orione7/plugin.video.streamondemand-pureita/master/channels/vedohd.py</update_url>
    <active>false</active>
    <include_in_global_search>false</include_in_global_search>
    <version>05</version>
    <adult>false</adult>
    <date>26/08/2018</date>
    <changes>Update and Temporary Fix</changes>
    <categories>
        <category>movie</category>
        <category>Top Channels</category>
    </categories>
</channel>

<channel>
    <id>vedovedo</id>
    <name>VedoVedo</name>
    <language>it</language>
    <update_url>https://raw.githubusercontent.com/orione7/plugin.video.streamondemand-pureita/master/channels/vedovedo.py</update_url>
    <active>true</active>
    <include_in_global_search>true</include_in_global_search>
    <version>05</version>
    <adult>false</adult>
    <date>12/08/2017</date>
    <changes>Update and Temporary Fix</changes>
    <categories>
        <category>serie</category>
        <category>Top Channels</category>
    </categories>
</channel>

<channel>
    <id>videotecaproject</id>
    <name>VideotecaProject</name>
    <language>it</language>
    <update_url>https://raw.githubusercontent.com/orione7/plugin.video.streamondemand-pureita/master/channels/videotecaproject.py</update_url>
    <active>true</active>
    <include_in_global_search>true</include_in_global_search>
    <version>26</version>
    <adult>false</adult>
    <date>20/10/2018</date>
    <changes>Update and Temporary Fix</changes>
    <categories>
        <category>movie</category>
        <category>serie</category>
        <category>Top Channels</category>
    </categories>
</channel>

<channel>
    <id>videotecadiclasse</id>
    <name>VideotecaDiClasse</name>
    <language>it</language>
    <update_url>https://raw.githubusercontent.com/orione7/plugin.video.streamondemand-pureita/master/channels/videotecadiclasse.py</update_url>
    <active>false</active>
    <include_in_global_search>false</include_in_global_search>
    <version>02</version>
    <adult>false</adult>
    <date>25/02/2017</date>
    <changes>Fix Host</changes>
    <categories>
        <category>movie</category>
    </categories>
</channel>

<channel>
    <id>wstreaming</id>
    <name>Wstreaminge</name>
    <language>it</language>
    <update_url>https://raw.githubusercontent.com/orione7/plugin.video.streamondemand-pureita/master/channels/wstreaming.py</update_url>
    <active>false</active>
    <include_in_global_search>false</include_in_global_search>
    <version>02</version>
    <adult>false</adult>
    <date>06/04/2018</date>
    <changes>Disabled from channelslist</changes>
    <categories>
        <category>movie</category>
    </categories>
</channel>
    
<channel>
    <id>youtube</id>
    <name>Ricerca su Youtube</name>
    <language>it</language>
    <update_url>https://raw.githubusercontent.com/orione7/plugin.video.streamondemand-pureita/master/channels/youtube.py</update_url>
    <active>true</active>
    <include_in_global_search>false</include_in_global_search>
    <version>6</version>
    <adult>false</adult>
    <date>05/02/2017</date>
    <changes>Partial Fix</changes>
    <categories>
        <category>movie</category>
        <category>anime</category>
        <category>documentaries</category>
        <category>series</category>		
    </categories>
</channel>


</channels>
