<?xml version="1.0" encoding="utf-8" standalone="yes"?>
<channel>
    <id>cineblogrun</id>
    <name>cineblogrun</name>

    <active>true</active>
    <adult>false</adult>
    <language>it</language>

    <fanart></fanart>
    <thumbnail>https://raw.githubusercontent.com/orione7/Pelis_images/master/bannermenu/cineblogrun.png</thumbnail>
    <bannermenu>https://raw.githubusercontent.com/orione7/Pelis_images/master/bannermenu/cineblogrun.png</bannermenu>

    <update_url>https://raw.githubusercontent.com/orione7/plugin.video.streamondemand-pureita/master/channels/</update_url>
    <version>09</version>
    <date>11/09/2018</date>
    <changes>Update and Fix</changes>

    <categories>
        <category>movie</category>
        <category>vos</category>
    </categories>

    <settings>
        <include_in_global_search>true</include_in_global_search>
        <id>include_in_global_search</id>
        <type>bool</type>
        <label>Includi ricerca globale</label>
        <default>false</default>
        <enabled>false</enabled>
        <visible>false</visible>
    </settings>
	
    <settings>
        <id>include_in_newest_peliculas</id>
        <type>bool</type>
        <label>Includi in novità - film</label>
        <default>true</default>
        <enabled>true</enabled>
        <visible>true</visible>
    </settings>
</channel>
