
<?xml version="1.0" encoding="utf-8" standalone="yes"?>
<channel>
	<id>cucinarefacile</id>
	<name>Cucinarefacile</name>

	<active>true</active>
	<adult>false</adult>
	<language>it</language>

	<fanart></fanart>
	<thumbnail>https://raw.githubusercontent.com/orione7/Pelis_images/master/bannermenu/cucinarefacile.png</thumbnail>
	<bannermenu>https://raw.githubusercontent.com/orione7/Pelis_images/master/bannermenu/cucinarefacile.png</bannermenu>

	<update_url>https://raw.githubusercontent.com/orione7/plugin.video.streamondemand-pureita/master/channels/</update_url>
	<version>02</version>
	<date>14/09/2018</date>
	<changes>update</changes>

	<categories>
		<category>documentary</category>
	</categories>

	<settings>
		<include_in_global_search>false</include_in_global_search>
	</settings>
</channel>
