<?xml version="1.0" encoding="utf-8" standalone="yes"?>
<channel>
    <id>documentari_dsda</id>
    <name>Documentari_DSDA</name>

    <active>true</active>
    <adult>false</adult>
    <language>it</language>

    <fanart></fanart>
    <thumbnail>https://raw.githubusercontent.com/orione7/Pelis_images/master/bannermenu/documentari_dsda.png</thumbnail>
    <bannermenu>https://raw.githubusercontent.com/orione7/Pelis_images/master/bannermenu/documentari_dsda.png</bannermenu>

    <update_url>https://raw.githubusercontent.com/orione7/plugin.video.streamondemand-pureita/master/channels/</update_url>
    <version>01</version>
    <date>01/11/2018</date>
    <changes>Temporary Fix - First Replease</changes>

    <categories>
         <category>documentary</category>
    </categories>

    <settings>
        <include_in_global_search>false</include_in_global_search>
        <id>include_in_global_search</id>
        <type>bool</type>
        <label>Includi ricerca globale</label>
        <default>false</default>
        <enabled>false</enabled>
        <visible>false</visible>
    </settings>
</channel>
