<?xml version="1.0" encoding="utf-8" standalone="yes"?>
<channel>
	<id>eurostreaming</id>
	<name>Eurostreaming</name>

	<active>false</active>
	<adult>false</adult>
	<language>it</language>

	<fanart></fanart>
	<thumbnail>https://raw.githubusercontent.com/orione7/Pelis_images/master/bannermenu/eurostreaming.png</thumbnail>
	<bannermenu>https://raw.githubusercontent.com/orione7/Pelis_images/master/bannermenu/eurostreaming.png</bannermenu>

	<update_url>https://raw.githubusercontent.com/orione7/plugin.video.streamondemand-pureita/master/channels/</update_url>
	<version>12</version>
	<date>16/11/2017</date>
	<changes>Enabled</changes>

	<categories>
                <category>serie</category>
                <category>anime</category>
	</categories>

	<settings>
		<include_in_global_search>false</include_in_global_search>
	</settings>
</channel>
