<?xml version="1.0" encoding="utf-8" standalone="yes"?>
<channel>
	<id>filmsenzalimiti_blue</id>
	<name>Filmsenzalimiti_blue</name>

	<active>true</active>
	<adult>false</adult>
	<language>it</language>

	<fanart></fanart>
	<thumbnail>https://raw.githubusercontent.com/orione7/Pelis_images/master/bannermenu/filmsenzalimiti_blue.png</thumbnail>
	<bannermenu>https://raw.githubusercontent.com/orione7/Pelis_images/master/bannermenu/filmsenzalimiti_blue.png</bannermenu>

	<update_url>https://raw.githubusercontent.com/orione7/plugin.video.streamondemand-pureita/master/channels/</update_url>
	<version>07</version>
	<date>07/11/2018</date>
	<changes>Temporary Fix</changes>

	<categories>
		<category>movie</category>
		<category>top channels</category>
	</categories>

	<settings>
		<include_in_global_search>true</include_in_global_search>
		<id>include_in_global_search</id>
		<type>bool</type>
		<label>Incluir en busqueda global</label>
		<default>false</default>
		<enabled>false</enabled>
		<visible>false</visible>	
	</settings>
</channel>
