<?xml version="1.0" encoding="utf-8" standalone="yes"?>
<channel>
	<id>filmsubitotv</id>
	<name>Filmsubitotv</name>

	<active>false</active>
	<adult>false</adult>
	<language>it</language>

	<fanart></fanart>
	<thumbnail>https://raw.githubusercontent.com/orione7/Pelis_images/master/bannermenu/filmsubitotv.png</thumbnail>
	<bannermenu>https://raw.githubusercontent.com/orione7/Pelis_images/master/bannermenu/filmsubitotv.png</bannermenu>

	<update_url>https://raw.githubusercontent.com/orione7/plugin.video.streamondemand-pureita/master/channels/</update_url>
	<version>2</version>
	<date>15/11/2016</date>
	<changes>update</changes>

	<categories>
		<category>movie</category>
                <category>anime</category>
	</categories>

	<settings>
		<include_in_global_search>false</include_in_global_search>
		<id>include_in_global_search</id>
		<type>bool</type>
		<label>Includi ricerca globale</label>
		<default>false</default>
		<enabled>false</enabled>
		<visible>false</visible>
	</settings>
</channel>
