<?xml version="1.0" encoding="utf-8" standalone="yes"?>
<channel>
	<id>filmstream</id>
	<name>Filmstream</name>

	<active>false</active>
	<adult>false</adult>
	<language>it</language>

	<fanart></fanart>
	<thumbnail>https://raw.githubusercontent.com/orione7/Pelis_images/master/bannermenu/filmstream.png</thumbnail>
	<bannermenu>https://raw.githubusercontent.com/orione7/Pelis_images/master/bannermenu/filmstream.png</bannermenu>

	<update_url>https://raw.githubusercontent.com/orione7/plugin.video.streamondemand-pureita/master/channels/</update_url>
	<version>6</version>
	<date>06/04/2017</date>
	<changes>Temporary Fix -Disabled SereTV-</changes>

	<categories>
        <category>movie</category>
        <category>serie</category>
	</categories>

	<settings>
		<include_in_global_search>false</include_in_global_search>
		<id>include_in_global_search</id>
		<type>bool</type>
		<label>Includi ricerca globale</label>
		<default>true</default>
		<enabled>true</enabled>
		<visible>true</visible>
	</settings>
</channel>
</channel>
