<?xml version="1.0" encoding="utf-8" standalone="yes"?>
<channel>
    <id>filmstreaminghd</id>
    <name>FilmStreamingHD</name>

    <active>true</active>
    <adult>false</adult>
    <language>it</language>

    <fanart></fanart>
    <thumbnail>https://raw.githubusercontent.com/orione7/Pelis_images/master/bannermenu/filmstreaminghd.png</thumbnail>
    <bannermenu>https://raw.githubusercontent.com/orione7/Pelis_images/master/bannermenu/filmstreaminghd.png</bannermenu>

    <update_url>https://raw.githubusercontent.com/orione7/plugin.video.streamondemand-pureita/master/channels/</update_url>
    <version>01</version>
    <date>04/05/2018</date>
    <changes>First Release</changes>

    <categories>
        <category>movie</category>
        <category>serie</category>
    </categories>

    <settings>
        <include_in_global_search>false</include_in_global_search>
        <id>include_in_global_search</id>
        <type>bool</type>
        <label>Includi ricerca globale</label>
        <default>true</default>
        <enabled>true</enabled>
        <visible>true</visible>
    </settings>
</channel>
