<?xml version="1.0" encoding="utf-8" standalone="yes"?>
<channel>
    <id>filmstreaming01</id>
    <name>FilmStreaming01</name>

    <active>true</active>
    <adult>false</adult>
    <language>it</language>

    <fanart></fanart>
    <thumbnail>https://raw.githubusercontent.com/orione7/Pelis_images/master/bannermenu/filmstreaming01.png</thumbnail>
    <bannermenu>https://raw.githubusercontent.com/orione7/Pelis_images/master/bannermenu/filmstreaming01.png</bannermenu>

    <update_url>https://raw.githubusercontent.com/orione7/plugin.video.streamondemand-pureita/master/channels/</update_url>
    <version>03</version>
    <date>07/11/2018</date>
    <changes>Temporary Fix</changes>

    <categories>
        <category>movie</category>
    </categories>

    <settings>
        <include_in_global_search>true</include_in_global_search>
        <id>include_in_global_search</id>
        <type>bool</type>
        <label>Includi ricerca globale</label>
        <default>false</default>
        <enabled>false</enabled>
        <visible>false</visible>
    </settings>
</channel>
