<?xml version="1.0" encoding="utf-8" standalone="yes"?>
<channel>
    <id>guarda_serie</id>
    <name>guarda_serie</name>

    <active>true</active>
    <adult>false</adult>
    <language>it</language>

    <thumbnail>https://raw.githubusercontent.com/orione7/Pelis_images/master/bannermenu/guarda_serie.png</thumbnail>
    <bannermenu>https://raw.githubusercontent.com/orione7/Pelis_images/master/bannermenu/guarda_serie.png</bannermenu>

    <update_url>https://raw.githubusercontent.com/orione7/plugin.video.streamondemand-pureita/master/channels/</update_url>
    <version>07</version>
    <date>18/09/2018</date>
    <changes>Update and  Temporary Fix</changes>

    <categories>
        <category>serie</category>
        <category>anime</category>
    </categories>

 	<settings>
            <include_in_global_search>true</include_in_global_search>
            <id>include_in_global_search</id>
            <type>bool</type>
            <label>Includi ricerca globale</label>
            <default>true</default>
            <enabled>true</enabled>
            <visible>true</visible>
	</settings>
</channel>
