<?xml version="1.0" encoding="utf-8" standalone="yes"?>
<channel>
	<id>guardaserie</id>
	<name>Guardaserie</name>

	<active>false</active>
	<adult>false</adult>
	<language>it</language>

	<fanart></fanart>
	<thumbnail>https://raw.githubusercontent.com/orione7/Pelis_images/master/bannermenu/guardaserie.png</thumbnail>
	<bannermenu>https://raw.githubusercontent.com/orione7/Pelis_images/master/bannermenu/guardaserie.png</bannermenu>

	<update_url>https://raw.githubusercontent.com/orione7/plugin.video.streamondemand-pureita/master/channels/</update_url>
	<version>06</version>
	<date>06/04/2018</date>
	<changes>update</changes>

	<categories>
		<category>serie</category>
		<category>top channels</category>
                <category>anime</category>
	</categories>

	<settings>
		<include_in_global_search>false</include_in_global_search>
	</settings>
</channel>
