<?xml version="1.0" encoding="utf-8" standalone="yes"?>
<channel>
	<id>guardaserie_stream</id>
	<name>GuardaSerie_stream</name>

	<active>false</active>
	<adult>false</adult>
	<language>it</language>

	<fanart></fanart>
	<thumbnail>https://raw.githubusercontent.com/orione7/Pelis_images/master/bannermenu/guardaserie_stream.png</thumbnail>
	<bannermenu>https://raw.githubusercontent.com/orione7/Pelis_images/master/bannermenu/guardaserie_stream.png</bannermenu>

	<update_url>https://raw.githubusercontent.com/orione7/plugin.video.streamondemand-pureita/master/channels/</update_url>
	<version>03</version>
	<date>13/10/2018</date>
	<changes>Update</changes>

	<categories>
        <category>serie</category>
        <category>top channels</category>
        <category>anime</category>
	</categories>

	<settings>
		<include_in_global_search>false</include_in_global_search>
	</settings>
</channel>
