<?xml version="1.0" encoding="utf-8" standalone="yes"?>
<channel>
	<id>itafilmtv</id>
	<name>ItaFilm.tv</name>

	<active>false</active>
	<adult>false</adult>
	<language>it</language>

	<fanart></fanart>
	<thumbnail>https://raw.githubusercontent.com/orione7/Pelis_images/master/bannermenu/itafilmtv.png</thumbnail>
	<bannermenu>https://raw.githubusercontent.com/orione7/Pelis_images/master/bannermenu/itafilmtv.png</bannermenu>

	<update_url>https://raw.githubusercontent.com/orione7/plugin.video.streamondemand-pureita/master/channels/</update_url>
	<version>6</version>
	<date>16/11/2017</date>
	<changes>Disabled</changes>

	<categories>
                <category>movie</category>
		<category>serie</category>
	</categories>

	<settings>
		<include_in_global_search>false</include_in_global_search>
		<id>include_in_global_search</id>
		<type>bool</type>
		<label>Includi ricerca globale</label>
		<default>false</default>
		<enabled>false</enabled>
		<visible>false</visible>	
	</settings>
</channel>
