<?xml version="1.0" encoding="utf-8" standalone="yes"?>
<channel>
	<id>italiaserie</id>
	<name>Italia Serie</name>

	<active>false</active>
	<adult>false</adult>
	<language>it</language>

	<fanart></fanart>
	<thumbnail>https://raw.githubusercontent.com/orione7/Pelis_images/master/bannermenu/italiaserie.png</thumbnail>
	<bannermenu>https://raw.githubusercontent.com/orione7/Pelis_images/master/bannermenu/italiaserie.png</bannermenu>

	<update_url>https://raw.githubusercontent.com/orione7/plugin.video.streamondemand-pureita/master/channels/</update_url>
	<version>7</version>
	<date>20/02/2018</date>
	<changes>Update</changes>

	<categories>
          <category>anime</category>
          <category>serie</category>
	</categories>

	<settings>
		<include_in_global_search>false</include_in_global_search>
	</settings>
</channel>
