<?xml version="1.0" encoding="utf-8" standalone="yes"?>
<channel>
	<id>italiaserie_uno</id>
	<name>italiaserie_uno</name>

	<active>true</active>
	<adult>false</adult>
	<language>it</language>

	<fanart></fanart>
	<thumbnail>https://raw.githubusercontent.com/orione7/Pelis_images/master/bannermenu/italiaserie_uno.png</thumbnail>
	<bannermenu>https://raw.githubusercontent.com/orione7/Pelis_images/master/bannermenu/italiaserie_uno.png</bannermenu>

	<update_url>https://raw.githubusercontent.com/orione7/plugin.video.streamondemand-pureita/master/channels/</update_url>
	<version>04</version>
	<date>25/10/2018</date>
	<changes>First Release - Partial Fix</changes>

	<categories>
          <category>anime</category>
          <category>serie</category>
	</categories>

	<settings>
		<include_in_global_search>true</include_in_global_search>
	</settings>
</channel>
