<?xml version="1.0" encoding="utf-8" standalone="yes"?>
<channel>
    <id>misterstreaming</id>
    <name>Misterstreaming</name>

    <active>true</active>
    <adult>false</adult>
    <language>it</language>

    <fanart></fanart>
    <thumbnail>https://raw.githubusercontent.com/orione7/Pelis_images/master/bannermenu/misterstreaming.png</thumbnail>
    <bannermenu>https://raw.githubusercontent.com/orione7/Pelis_images/master/bannermenu/misterstreaming.png</bannermenu>

    <update_url>https://raw.githubusercontent.com/orione7/plugin.video.streamondemand-pureita/master/channels/</update_url>
    <version>13</version>
    <date>01/12/2017</date>
    <changes>Temporary Fix</changes>

    <categories>
        <category>movie</category>
        <category>serie</category>
    </categories>

    <settings>
        <include_in_global_search>true</include_in_global_search>
        <id>include_in_global_search</id>
        <type>bool</type>
        <label>Includi ricerca globale</label>
        <default>true</default>
        <enabled>true</enabled>
        <visible>true</visible>
    </settings>

	<settings>
		<id>include_in_newest_peliculas</id>
		<type>bool</type>
		<label>Includi in novità - film</label>
		<default>true</default>
		<enabled>true</enabled>
		<visible>true</visible>
	</settings>
</channel>
