<?xml version="1.0" encoding="utf-8" standalone="yes"?>
<channel>
	<id>serietvonline</id>
	<name>Serietvonline</name>

	<active>true</active>
	<adult>false</adult>
	<language>it</language>

	<fanart></fanart>
	<thumbnail>https://raw.githubusercontent.com/orione7/Pelis_images/master/bannermenu/serietvonline.png</thumbnail>
	<bannermenu>https://raw.githubusercontent.com/orione7/Pelis_images/master/bannermenu/serietvonline.png</bannermenu>

	<update_url>https://raw.githubusercontent.com/orione7/plugin.video.streamondemand-pureita/master/channels/</update_url>
	<version>13</version>
	<date>14/10/2018</date>
	<changes>Update and Temporary Fix</changes>

	<categories>
        	<category>serie</category>
	</categories>

	<settings>
        <include_in_global_search>true</include_in_global_search>
		<id>include_in_newest_series</id>
		<type>bool</type>
		<default>true</default>
		<enabled>true</enabled>
		<visible>true</visible>
	</settings>
</channel>
