<?xml version="1.0" encoding="utf-8" standalone="yes"?>
<channel>
	<id>serietvhd_stream</id>
	<name>serietvhd_stream</name>

	<active>false</active>
	<adult>false</adult>
	<language>it</language>

	<fanart></fanart>
	<thumbnail>https://raw.githubusercontent.com/orione7/Pelis_images/master/bannermenu/serietvhd_stream.png</thumbnail>
	<bannermenu>https://raw.githubusercontent.com/orione7/Pelis_images/master/bannermenu/serietvhd_stream.png</bannermenu>

	<update_url>https://raw.githubusercontent.com/orione7/plugin.video.streamondemand-pureita/master/channels/</update_url>
	<version>02</version>
	<date>03/07/2018</date>
	<changes>disabled</changes>

	<categories>
          <category>serie</category>
	</categories>

	<settings>
		<include_in_global_search>false</include_in_global_search>
	</settings>
</channel>
