<?xml version="1.0" encoding="utf-8" standalone="yes"?>
<channel>
    <id>serietvu</id>
    <name>SerieTVU</name>

    <active>true</active>
    <adult>false</adult>
    <language>it</language>

    <thumbnail>https://raw.githubusercontent.com/orione7/Pelis_images/master/bannermenu/serietvu.png</thumbnail>
    <bannermenu>https://raw.githubusercontent.com/orione7/Pelis_images/master/bannermenu/serietvu.png</bannermenu>

    <update_url>https://raw.githubusercontent.com/orione7/plugin.video.streamondemand-pureita/master/channels/</update_url>
    <version>12</version>
    <date>02/10/2018</date>
    <changes>Update and Fix</changes>

    <categories>
        <category>serie</category>
    </categories>

 	<settings>
        <include_in_global_search>true</include_in_global_search>
        <id>include_in_global_search</id>
        <type>bool</type>
        <label>Includi ricerca globale</label>
        <default>true</default>
        <enabled>true</enabled>
        <visible>true</visible>
	</settings>
</channel>
