
<?xml version="1.0" encoding="utf-8" standalone="yes"?>
<channel>
	<id>serietvsubita</id>
	<name>Serie TV Sub ITA</name>

	<active>true</active>
	<adult>false</adult>
	<language>it</language>

	<fanart></fanart>
	<thumbnail>https://raw.githubusercontent.com/orione7/Pelis_images/master/bannermenu/serietvsubita.png</thumbnail>
	<bannermenu>https://raw.githubusercontent.com/orione7/Pelis_images/master/bannermenu/serietvsubita.png</bannermenu>

	<update_url>https://raw.githubusercontent.com/orione7/plugin.video.streamondemand-pureita/master/channels/</update_url>
	<version>09</version>
	<date>13/09/2018</date>
	<changes>Temporary Fix</changes>

	<categories>
		<category>serie</category>
		<category>top channels</category>
	</categories>

	<settings>
		<include_in_global_search>false</include_in_global_search>
	</settings>
</channel>
