
<?xml version="1.0" encoding="utf-8" standalone="yes"?>
<channel>
	<id>tantifilm</id>
	<name>Tantifilm</name>

	<active>true</active>
	<adult>false</adult>
	<language>it</language>

	<fanart></fanart>
	<thumbnail>https://raw.githubusercontent.com/orione7/Pelis_images/master/bannermenu/tantifilm.png</thumbnail>
	<bannermenu>https://raw.githubusercontent.com/orione7/Pelis_images/master/bannermenu/tantifilm.png</bannermenu>

	<update_url>https://raw.githubusercontent.com/orione7/plugin.video.streamondemand-pureita/master/channels/</update_url>
	<version>21</version>
	<date>29/10/2018</date>
	<changes>Temporary Fix</changes>

	<categories>
		<category>movie</category>
		<category>serie</category>
		<category>anime</category>
	</categories>

	<settings>
		<include_in_global_search>true</include_in_global_search>
	</settings>
</channel>
