<?xml version="1.0" encoding="utf-8" standalone="yes"?>
<channel>
    <id>toonitalia</id>
    <name>Toonitalia</name>

    <active>false</active>
    <adult>false</adult>
    <language>it</language>

    <fanart></fanart>
    <thumbnail>https://raw.githubusercontent.com/orione7/Pelis_images/master/bannermenu/toonitalia.png</thumbnail>
    <bannermenu>https://raw.githubusercontent.com/orione7/Pelis_images/master/bannermenu/toonitalia.png</bannermenu>

    <update_url>https://raw.githubusercontent.com/orione7/plugin.video.streamondemand-pureita/master/channels/</update_url>
    <version>2</version>
    <date>11/04/2018</date>
    <changes>update</changes>

    <categories>
        <category>serie</category>
        <category>anime</category>
    </categories>

    <settings>
        <include_in_global_search>false</include_in_global_search>
        <id>include_in_global_search</id>
        <type>bool</type>
        <label>Includi ricerca globale</label>
		<default>false</default>
		<enabled>false</enabled>
		<visible>false</visible>
    </settings>
</channel>
