
<?xml version="1.0" encoding="utf-8" standalone="yes"?>
<channel>
	<id>vedovedo</id>
	<name>VedoVedo</name>

	<active>true</active>
	<adult>false</adult>
	<language>it</language>

	<fanart></fanart>
	<thumbnail>https://raw.githubusercontent.com/orione7/Pelis_images/master/bannermenu/vedovedo.png</thumbnail>
	<bannermenu>https://raw.githubusercontent.com/orione7/Pelis_images/master/bannermenu/vedovedo.png</bannermenu>

	<update_url>https://raw.githubusercontent.com/orione7/plugin.video.streamondemand-pureita/master/channels/</update_url>
	<version>3</version>
	<date>07/04/2018</date>
	<changes>Update and Fix</changes>

	<categories>
		<category>serie</category>
		<category>top channels</category>
	</categories>

    <settings>
	<include_in_global_search>true</include_in_global_search>
        <id>include_in_global_search</id>
        <type>bool</type>
        <label>Includi ricerca globale</label>
        <default>true</default>
        <enabled>true</enabled>
        <visible>true</visible>
    </settings>
</channel>
