<?xml version="1.0" encoding="UTF-8" standalone="yes"?>
<addon id="plugin.video.musicando" name="Musicando" version="0.0.5" provider-name="Catoal">
  <requires>
    <import addon="xbmc.python" version="2.1.0"/>
    <import addon="plugin.video.youtube"/>
  </requires>
  <extension point="xbmc.python.pluginsource" library="addon.py">
    <provides>video audio</provides>
  </extension>
  <extension point="xbmc.addon.metadata">
    <language>en</language>
    <summary lang="es">Los Mejores Videos de YouTube. </summary>
    <description lang="es">Los videos mas destacados de la red.</description>
    <disclaimer lang="es">
    </disclaimer>
    <platform>all</platform>
  </extension>
</addon>
