<?xml version="1.0" encoding="UTF-8" standalone="yes"?>
<addon id="repository.number1guru" name="Number1Guru Repository" version="2018.05.03" provider-name="Number1Guru">
	<requires>
		<import addon="xbmc.addon" version="12.0.0"/>
	</requires>
	<extension point="xbmc.addon.repository" name="Number1Guru Repo">
		<dir>
			<info compressed="false">http://number1guru.com/Addons/addons.xml</info>
			<checksum>http://number1guru.com/Addons/addon.xml.md5</checksum>
			<datadir zip="true">http://number1guru.com/Addons/</datadir>
		</dir>
		<dir>
			<info compressed="false">http://number1guru.com/Addons/Video/addons.xml</info>
			<checksum>http://number1guru.com/Addons/Video/addon.xml.md5</checksum>
			<datadir zip="true">http://number1guru.com/Addons/Video/</datadir>
		</dir>
		<dir>
			<info compressed="false">http://number1guru.com/Addons/Modules/addons.xml</info>
			<checksum>http://number1guru.com/Addons/Modules/addon.xml.md5</checksum>
			<datadir zip="true">http://number1guru.com/Addons/Modules/</datadir>
		</dir>
		<dir>
			<info compressed="false">http://number1guru.com/Addons/Music/addons.xml</info>
			<checksum>http://number1guru.com/Addons/Metadata/addon.xml.md5</checksum>
			<datadir zip="true">http://number1guru.com/Addons/Music/</datadir>
		</dir>
		<dir>
			<info compressed="false">http://number1guru.com/Addons/Metadata/addons.xml</info>
			<checksum>http://number1guru.com/Addons/Metadata/addon.xml.md5</checksum>
			<datadir zip="true">http://number1guru.com/Addons/Metadata/</datadir>
		</dir>
		<dir>
			<info compressed="false">http://number1guru.com/Addons/Artwork/addons.xml</info>
			<checksum>http://number1guru.com/Addons/Artwork/addon.xml.md5</checksum>
			<datadir zip="true">http://number1guru.com/Addons/Artwork/</datadir>
		</dir>
		<dir>
			<info compressed="true">https://github.com/mikesilvo164/repo.aeon.nox.silvo/raw/master/krypton/addons.xml</info>
			<checksum>https://github.com/mikesilvo164/repo.aeon.nox.silvo/raw/master/krypton/addons.xml.md5</checksum>
			<datadir zip="true">https://github.com/mikesilvo164/repo.aeon.nox.silvo/raw/master/krypton</datadir>
		</dir>
	</extension>
	<extension point="xbmc.addon.metadata">
			<summary lang="en"></summary>
			<description lang="en">The Official Repo for #1 Guru</description>
			<genre>All</genre>
	</extension>
</addon>