{
  "active": true,
  "find_videos": {
    "ignore_urls": [],
    "patterns": [
      {
        "pattern": "(http://[a-zA-Z0-9]+\\.mysites\\.com\\/get_file\\/.*?\\.mp4)",
        "url": "\\1"
      },
      {
        "pattern": "flashvars=\"file=(http://[^\\.]+.myspacecdn[^\\&]+)&",
        "url": "\\1"
      },
      {
        "pattern": "(http://[^\\.]+\\.myspacecdn.*?\\.flv)",
        "url": "\\1"
      },
      {
        "pattern": "(http://api.ning.com.*?\\.flv)",
        "url": "\\1"
      },
      {
        "pattern": "file\\=(http\\:\\/\\/es.video.netlogstatic[^\\&]+)\\&",
        "url": "\\1"
      },
      {
        "pattern": "file=http.*?mangaid.com(.*?)backcolor=",
        "url": "http://mangaid.com\\1"
      },
      {
        "pattern": "so\\.addVariable\\(\\’file\\’,\\’(http\\://peliculasid[^\\']+)",
        "url": "\\1"
      }
    ]
  },
  "free": true,
  "id": "directo",
  "name": "directo",
  "settings": [
    {
      "default": false,
      "enabled": true,
      "id": "black_list",
      "label": "@60654",
      "type": "bool",
      "visible": true
    },
    {
      "default": 0,
      "enabled": true,
      "id": "favorites_servers_list",
      "label": "@60655",
      "lvalues": [
        "No",
        "1",
        "2",
        "3",
        "4",
        "5"
      ],
      "type": "list",
      "visible": false
    }
  ]
}
