{
    "id": "fastvideo",
    "name": "fastvideo",
    "active": true,
    "free": true,
    "thumbnail": "http:\/\/media.tvalacarta.info\/servers\/server_fastvideo.png",
    "find_videos": {
        "patterns": [
            {
                "pattern": "fastvideo.me\/(?:embed-)?([A-Za-z0-9]+)",
                "url": "http:\/\/www.fastvideo.me\/\\1"
            }
        ],
        "ignore_urls": [
                    "http:\/\/www.fastvideo.me\/theme",
                    "http:\/\/www.fastvideo.me\/jquery",
                    "http:\/\/www.fastvideo.me\/s",
                    "http:\/\/www.fastvideo.me\/images",
                    "http:\/\/www.fastvideo.me\/faq",
                    "http:\/\/www.fastvideo.me\/embed",
                    "http:\/\/www.fastvideo.me\/ri",
                    "http:\/\/www.fastvideo.me\/d",
                    "http:\/\/www.fastvideo.me\/css",
                    "http:\/\/www.fastvideo.me\/js",
                    "http:\/\/www.fastvideo.me\/player",
                    "http:\/\/www.fastvideo.me\/cgi"]
    },
    "settings": [
        {
            "default": false,
            "enabled": true,
            "id": "black_list",
            "label": "$ADDON[plugin.video.icarus 60654]",
            "type": "bool",
            "visible": true
        },
        {
            "default": "100",
            "enabled": true,
            "id": "favorites_servers_list",
            "label": "$ADDON[plugin.video.icarus 60655]",
            "lvalues": [
                "No",
                "1",
                "2",
                "3",
                "4",
                "5"
            ],
            "type": "list",
            "visible": false
        }
    ]
}
