{
  "active": true,
  "find_videos": {
    "ignore_urls": [],
    "patterns": [
      {
        "pattern": "https://www.filevideo.net/embed-(?:embed-|)([A-z0-9]+)",
        "url": "http://filevideo.net/embed-\\1.html"
      }
    ]
  },
  "free": true,
  "id": "filevideo",
  "name": "filevideo",
  "settings": [
    {
      "default": false,
      "enabled": true,
      "id": "black_list",
      "label": "@60654",
      "type": "bool",
      "visible": true
    },
    {
      "default": 0,
      "enabled": true,
      "id": "favorites_servers_list",
      "label": "@60655",
      "lvalues": [
        "No",
        "1",
        "2",
        "3",
        "4",
        "5"
      ],
      "type": "list",
      "visible": false
    }
  ],
  "thumbnail": "https://s15.postimg.cc/b7jj9dbbf/filevideo.png"
}