{
  "active": true,
  "find_videos": {
    "ignore_urls": [
      "http://www.4shared.com/flash/player.swf"
    ],
    "patterns": [
      {
        "pattern": "(http://www.4shared.com/embed/[A-Z0-9a-z]+/[A-Z0-9a-z]+)",
        "url": "\\1"
      },
      {
        "pattern": "file=(http\\://[a-z0-9]+.4shared.com/img/.*?\\.flv)",
        "url": "\\1"
      },
      {
        "pattern": "(http://www.4shared.com.*?)",
        "url": "\\1"
      }
    ]
  },
  "free": true,
  "id": "fourshared",
  "name": "fourshared",
  "premium": [
    "realdebrid",
    "alldebrid"
  ],
  "settings": [
    {
      "default": false,
      "enabled": true,
      "id": "black_list",
      "label": "@60654",
      "type": "bool",
      "visible": true
    },
    {
      "default": 0,
      "enabled": true,
      "id": "favorites_servers_list",
      "label": "@60655",
      "lvalues": [
        "No",
        "1",
        "2",
        "3",
        "4",
        "5"
      ],
      "type": "list",
      "visible": false
    }
  ]
}
