{
  "active": true,
  "find_videos": {
    "ignore_urls": [],
    "patterns": [
      {
        "pattern": "(gigasize.com/get/[a-z0-9]+)",
        "url": "http://www.\\1"
      },
      {
        "pattern": "gigasize.com/get.php\\?d\\=([a-z0-9]+)",
        "url": "http://www.gigasize.com/get/\\1"
      }
    ]
  },
  "free": false,
  "id": "gigasize",
  "name": "gigasize",
  "premium": [
    "realdebrid",
    "alldebrid"
  ],
  "settings": [
    {
      "default": false,
      "enabled": true,
      "id": "black_list",
      "label": "@60654",
      "type": "bool",
      "visible": true
    },
    {
      "default": 0,
      "enabled": true,
      "id": "favorites_servers_list",
      "label": "@60655",
      "lvalues": [
        "No",
        "1",
        "2",
        "3",
        "4",
        "5"
      ],
      "type": "list",
      "visible": false
    }
  ]
}
