{
  "active": true,
  "find_videos": {
    "ignore_urls": [],
    "patterns": [
      {
        "pattern": "mediafire.com(?:/download.php\\?|/download/|/file/|/\\?|\\%2F\\%3F)([a-z0-9]+)",
        "url": "http://www.mediafire.com/?\\1"
      }
    ]
  },
  "free": true,
  "id": "mediafire",
  "name": "mediafire",
  "premium": [
    "realdebrid",
    "alldebrid"
  ],
  "settings": [
    {
      "default": false,
      "enabled": true,
      "id": "black_list",
      "label": "@60654",
      "type": "bool",
      "visible": true
    },
    {
      "default": 0,
      "enabled": true,
      "id": "favorites_servers_list",
      "label": "@60655",
      "lvalues": [
        "No",
        "1",
        "2",
        "3",
        "4",
        "5"
      ],
      "type": "list",
      "visible": false
    }
  ]
}
