{
    "id": "megadrive",
    "name": "megadrive",
    "active": true,
    "free": true,
    "thumbnail": "http:\/\/media.tvalacarta.info\/servers\/server_megadrive.png",
    "find_videos": {
        "patterns": [
            {
                "pattern": "megadrive\\.co/(?:embed|e)?(?:-|/)?([a-z0-9A-Z]+)",
                "url": "https://megadrive.co/embed-\\1.html"
            }
        ],
        "ignore_urls": []
    },
    "settings": [
        {
            "default": false,
            "enabled": true,
            "id": "black_list",
            "label": "$ADDON[plugin.video.icarus 60654]",
            "type": "bool",
            "visible": true
        },
        {
            "default": "100",
            "enabled": true,
            "id": "favorites_servers_list",
            "label": "$ADDON[plugin.video.icarus 60655]",
            "lvalues": [
                "No",
                "1",
                "2",
                "3",
                "4",
                "5"
            ],
            "type": "list",
            "visible": false
        }
    ]
}
