{
  "active": true,
  "find_videos": {
    "ignore_urls": [],
    "patterns": [
      {
        "pattern": "(mega.co.nz/\\#\\![A-Za-z0-9\\-\\_]+\\![A-Za-z0-9\\-\\_]+)",
        "url": "https://\\1"
      },
      {
        "pattern": "(mega.co.nz/\\#F\\![A-Za-z0-9\\-\\_]+\\![A-Za-z0-9\\-\\_]+)",
        "url": "https://\\1"
      },
      {
        "pattern": "(mega.nz/(?:embed|)\\#\\![A-Za-z0-9\\-\\_]+\\![A-Za-z0-9\\-\\_]+)",
        "url": "https://\\1"
      },
      {
        "pattern": "(mega.nz/\\#F\\![A-Za-z0-9\\-\\_]+\\![A-Za-z0-9\\-\\_]+)",
        "url": "https://\\1"
      }
    ]
  },
  "free": true,
  "id": "mega",
  "name": "mega",
  "premium": [
    "realdebrid"
  ],
  "settings": [
    {
      "default": false,
      "enabled": true,
      "id": "black_list",
      "label": "@60654",
      "type": "bool",
      "visible": true
    },
    {
      "default": 0,
      "enabled": true,
      "id": "favorites_servers_list",
      "label": "@60655",
      "lvalues": [
        "No",
        "1",
        "2",
        "3",
        "4",
        "5"
      ],
      "type": "list",
      "visible": false
    }
  ],
  "thumbnail": "server_mega.png"
}
