{
    "id": "megahd",
    "name": "megahd",
    "active": true,
    "free": true,
    "thumbnail": "http:\/\/media.tvalacarta.info\/servers\/server_megahd.png",
    "find_videos": {
        "patterns": [
            {
                "pattern": "http:\/\/www.megahd.tv\/(?:embed-)?([a-z0-9A-Z]+)",
                "url": "http:\/\/www.megahd.tv\/embed-\\1.html"
            }
        ],
        "ignore_urls": [        ]
    },
    "settings": [
        {
            "default": false,
            "enabled": true,
            "id": "black_list",
            "label": "$ADDON[plugin.video.icarus 60654]",
            "type": "bool",
            "visible": true
        },
        {
            "default": "100",
            "enabled": true,
            "id": "favorites_servers_list",
            "label": "$ADDON[plugin.video.icarus 60655]",
            "lvalues": [
                "No",
                "1",
                "2",
                "3",
                "4",
                "5"
            ],
            "type": "list",
            "visible": false
        }
    ]
}
