{
  "active": true,
  "find_videos": {
    "ignore_urls": [],
    "patterns": [
      {
        "pattern": "movshare.net/(?:embed|video)/([a-z0-9]+)",
        "url": "http://www.movshare.net/video/\\1"
      },
      {
        "pattern": "movshare.net/embed.php\\?v\\=([a-z0-9]+)",
        "url": "http://www.movshare.net/video/\\1"
      }
    ]
  },
  "free": true,
  "id": "movshare",
  "name": "movshare",
  "settings": [
    {
      "default": false,
      "enabled": true,
      "id": "black_list",
      "label": "@60654",
      "type": "bool",
      "visible": true
    },
    {
      "default": 0,
      "enabled": true,
      "id": "favorites_servers_list",
      "label": "@60655",
      "lvalues": [
        "No",
        "1",
        "2",
        "3",
        "4",
        "5"
      ],
      "type": "list",
      "visible": false
    }
  ],
  "thumbnail": "server_movshare.png"
}
