{
  "active": true,
  "find_videos": {
    "ignore_urls": [],
    "patterns": [
      {
        "pattern": "streamcherry.com/(?:embed|f)/([A-z0-9]+)",
        "url": "http://streamcherry.com/embed/\\1"
      }
    ]
  },
  "free": true,
  "id": "streamcherry",
  "name": "streamcherry",
  "settings": [
    {
      "default": false,
      "enabled": true,
      "id": "black_list",
      "label": "@60654",
      "type": "bool",
      "visible": true
    },
    {
      "default": 0,
      "enabled": true,
      "id": "favorites_servers_list",
      "label": "@60655",
      "lvalues": [
        "No",
        "1",
        "2",
        "3",
        "4",
        "5"
      ],
      "type": "list",
      "visible": false
    }
  ],
  "thumbnail": "http://i.imgur.com/l45Tk0G.png"
}
