<?xml version="1.0" encoding="UTF-8" standalone="yes"?>
<addon id="plugin.video.streamondemand-pureita-master"
    name="Stream On Demand PureITA"
    version="5.4.9"
    provider-name="PureITA Team">
 <requires>
    <import addon="xbmc.python" version="2.1.0"/>
  </requires>
  <extension point="xbmc.python.script" library="default.py">
    <provides>video</provides>
  </extension>
  <extension point="xbmc.addon.metadata">
    <summary lang="it">Browse web pages using Kodi.</summary>
    <assets>
      <icon>icon.png</icon>
      <fanart>fanart.jpg</fanart>
      <screenshot>resources/images/themes/ss/1.jpg</screenshot>
      <screenshot>resources/images/themes/ss/2.jpg</screenshot>
      <screenshot>resources/images/themes/ss/3.jpg</screenshot>
      <screenshot>resources/images/themes/ss/4.jpg</screenshot>
    </assets>
      <news>[B]Novita in questa versione:[/B]   Compatibility with kodi 18, Fix and Update "Help", interfaccia grafica Aggiornata,  Aggiornamento Canali,  Aggiornamento Server,  Fix Vari,  Special (Thx thepasto) - (Thx Ghost) </news>
    <description lang="it">Browse web pages using Kodi</description>
    <summary lang="en">Browse web pages using Kodi</summary>
    <description lang="en">Browse web pages using Kodi</description>
    <disclaimer>[COLOR red]The owners and submitters of this addon do not host or distribute any of the content displayed by these addons nor do they have any affiliation with the content providers.[/COLOR]</disclaimer>
    <platform>all</platform>
    <license>GNU GPL v3</license>
  </extension>
  <extension point="xbmc.service" library="library_service.py" start="login|startup">
  </extension>
</addon>
