{
    "id": "altadefinizioneclick",
    "name": "AltadefinizioneClick",
    "active": true,
    "adult": false,
    "language": ["ita"],
    "thumbnail": "https:\/\/raw.githubusercontent.com\/Zanzibar82\/images\/master\/posters\/altadefinizioneclick.png",
    "bannermenu": "https:\/\/raw.githubusercontent.com\/Zanzibar82\/images\/master\/posters\/altadefinizioneciclk.png",
    "categories": [
        "tvshow",
        "movie",
        "vos"
    ],
  "settings": [
    {
      "id": "include_in_global_search",
      "type": "bool",
      "label": "Includi ricerca globale",
      "default": true,
      "enabled": true,
      "visible": true
    },
		{
		  "id": "include_in_newest_film",
		  "type": "bool",
		  "label": "Includi in novità - Film",
		  "default": true,
		  "enabled": true,
		  "visible": true
    },
		
    {
      "id": "comprueba_enlaces",
      "type": "bool",
      "label": "Verifica se i link esistono",
      "default": false,
      "enabled": true,
      "visible": true
    },
    {
      "id": "comprueba_enlaces_num",
      "type": "list",
      "label": "Numero de link da verificare",
      "default": 1,
      "enabled": true,
      "visible": "eq(-1,true)",
      "lvalues": [ "5", "10", "15", "20" ]
    },
    {
      "id": "filter_languages",
      "type": "list",
      "label": "Mostra link in lingua...",
      "default": 0,
      "enabled": true,
      "visible": true,
      "lvalues": [
        "Non filtrare",
        "IT"
      ]
    }
	  ]
}
