{
    "id": "animevision",
    "name": "Animevision",
    "active": true,
    "adult": false,
    "language": [
        "it"
    ],
    "thumbnail": "http:\/\/animevision.it\/images\/logo.png",
    "bannermenu": "http:\/\/animevision.it\/images\/logo.png",
    "categories": [
        "anime"
    ],
    "settings": [
        {
            "id": "include_in_global_search",
            "type": "bool",
            "label": "Includi ricerca globale",
            "default": false,
            "enabled": false,
            "visible": false
        }
    ]
}
