{
  "id": "animeworld", 
  "name": "AnimeWorld", 
  "active": true, 
  "adult": false, 
  "language": ["it"], 
  "thumbnail": "https://scontent-mxp1-1.xx.fbcdn.net/v/t1.0-9/28378280_818778854975699_2916961111500495865_n.png?_nc_cat=0&oh=a4fbbc46eaa7f16d1ce84b573aa5bb6a&oe=5B3324B4", 
  "banner": "https://scontent-mxp1-1.xx.fbcdn.net/v/t1.0-9/28378280_818778854975699_2916961111500495865_n.png?_nc_cat=0&oh=a4fbbc46eaa7f16d1ce84b573aa5bb6a&oe=5B3324B4", 
  "version": "1", 
  "date": "30/07/2017", 
  "changes": "Fix OAV", 
  "categories": [
   "anime"
  ], 
  "settings": [
   {
    "id": "include_in_global_search", 
    "type": "bool", 
    "label": "Includi ricerca globale", 
    "default": false, 
    "enabled": false, 
    "visible": false
   }, 
   {
    "id": "include_in_newest_anime", 
    "type": "bool", 
    "label": "Includi in novità - Anime", 
    "default": true, 
    "enabled": true, 
    "visible": true
   }
  ]
}
