{
	"id": "cinemastreaming",
	"name": "Cinemastreaming",
	"language": ["ita"],
	"active": true,
	"adult": false,
	"thumbnail": "https://www.telegramitalia.it/wp-content/uploads/2018/02/IMG_20180222_214809_805.jpg",
	"banner": "https://www.telegramitalia.it/wp-content/uploads/2018/02/IMG_20180222_214809_805.jpg",
	"categories": [
	  "tvshow", "movie"
	],
 "settings": [
    {
      "id": "include_in_global_search",
      "type": "bool",
      "label": "Includi ricerca globale",
      "default": true,
      "enabled": true,
      "visible": true
    },
		{
		  "id": "include_in_newest_film",
		  "type": "bool",
		  "label": "Includi in novità - Film",
		  "default": true,
		  "enabled": true,
		  "visible": true
    },
		
    {
      "id": "comprueba_enlaces",
      "type": "bool",
      "label": "Verifica se i link esistono",
      "default": false,
      "enabled": true,
      "visible": true
    },
    {
      "id": "comprueba_enlaces_num",
      "type": "list",
      "label": "Numero de link da verificare",
      "default": 1,
      "enabled": true,
      "visible": "eq(-1,true)",
      "lvalues": [ "5", "10", "15", "20" ]
    },
    {
      "id": "filter_languages",
      "type": "list",
      "label": "Mostra link in lingua...",
      "default": 0,
      "enabled": true,
      "visible": true,
      "lvalues": [
        "Non filtrare",
        "IT"
      ]
    }
	  ]
}