{
  "id": "ilgeniodellostreaming",
  "name": "IlGenioDelloStreaming",
  "active": true,
  "adult": false,
  "language": ["ita"],
  "thumbnail": "https://i.imgur.com/Nsa81r0.png",
  "banner": "https://i.imgur.com/Nsa81r0.png",
  "categories": [
    "movie",
    "tvshow",
	"anime"
  ],
  "settings": [
    {
      "id": "include_in_global_search",
      "type": "bool",
      "label": "Includi ricerca globale",
      "default": true,
      "enabled": true,
      "visible": true
    },
		{
		  "id": "include_in_newest_film",
		  "type": "bool",
		  "label": "Includi in novità - Film",
		  "default": true,
		  "enabled": true,
		  "visible": true
    },
		{
			"id": "include_in_newest_series",
			"type": "bool",
			"label": "Includi in Novità - Serie TV",
			"default": true,
			"enabled": true,
			"visible": true
		},
    {
      "id": "comprueba_enlaces",
      "type": "bool",
      "label": "Verifica se i link esistono",
      "default": false,
      "enabled": true,
      "visible": true
    },
    {
      "id": "comprueba_enlaces_num",
      "type": "list",
      "label": "Numero de link da verificare",
      "default": 1,
      "enabled": true,
      "visible": "eq(-1,true)",
      "lvalues": [ "5", "10", "15", "20" ]
    },
    {
      "id": "filter_languages",
      "type": "list",
      "label": "Mostra link in lingua...",
      "default": 0,
      "enabled": true,
      "visible": true,
      "lvalues": [
        "No filtrar",
        "IT"
      ]
    }
	  ]
}