{
    "id": "mondoserietv",
    "name": "MondoSerieTV",
    "active": true,
    "adult": false,
    "language": [
        "ita"
    ],
    "thumbnail": "https:\/\/mondoserietv.com\/wp-content\/uploads\/2018\/04\/logo.png",
    "bannermenu": "https:\/\/mondoserietv.com\/wp-content\/uploads\/2018\/04\/logo.png",
    "categories": [
        "movie",
        "anime",
        "tvshow",
        "cult"
    ],
 "settings": [
    {
      "id": "include_in_global_search",
      "type": "bool",
      "label": "Includi ricerca globale",
      "default": true,
      "enabled": true,
      "visible": true
    },
		
		{
			"id": "include_in_newest_series",
			"type": "bool",
			"label": "Includi in Novità - Serie TV",
			"default": true,
			"enabled": true,
			"visible": true
		},
    {
      "id": "comprueba_enlaces",
      "type": "bool",
      "label": "Verifica se i link esistono",
      "default": false,
      "enabled": true,
      "visible": true
    },
    {
      "id": "comprueba_enlaces_num",
      "type": "list",
      "label": "Numero de link da verificare",
      "default": 1,
      "enabled": true,
      "visible": "eq(-1,true)",
      "lvalues": [ "1", "3", "5", "10" ]
    },
    {
      "id": "filter_languages",
      "type": "list",
      "label": "Mostra link in lingua...",
      "default": 0,
      "enabled": true,
      "visible": true,
      "lvalues": [
        "Non filtrare",
        "IT"
      ]
    }
	  ]
}
