{
  "id": "news",
  "name": "$ADDON[plugin.video.icarus 60661]",
  "active": false,
  "adult": false,
  "language": ["*"],
  "version": 1,
  "changes": [
    {
      "date": "15/03/2017",
      "description": "$ADDON[plugin.video.icarus 60662]"
    },
    {
      "date": "07/02/17",
      "description": "$ADDON[plugin.video.icarus 60663]"
    },
    {
      "date": "01/07/16",
      "description": "$ADDON[plugin.video.icarus 60664]"
    },
    {
      "date": "29/04/16",
      "description": "$ADDON[plugin.video.icarus 60665]"
    }
  ],
  "categories": [
    "movie"
  ],
  "settings": [
    {
      "id": "multithread",
      "type": "bool",
      "label": "$ADDON[plugin.video.icarus 60656]",
      "default": true,
      "enabled": true,
      "visible": true
    },
    {
      "id": "result_mode",
      "type": "list",
      "label": "$ADDON[plugin.video.icarus 60657]",
      "default": 2,
      "enabled": true,
      "visible": true,
      "lvalues": [
        "$ADDON[plugin.video.icarus 60658]",
        "$ADDON[plugin.video.icarus 60659]",
        "$ADDON[plugin.video.icarus 60660]"
      ]
    },
    {
      "id": "perfil",
      "type": "list",
      "label": "$ADDON[plugin.video.icarus 60666]",
      "default": 0,
      "enabled": true,
      "visible": true,
      "lvalues": [
        "$ADDON[plugin.video.icarus 60667]",
        "$ADDON[plugin.video.icarus 60668]",
        "$ADDON[plugin.video.icarus 60669]",
        "$ADDON[plugin.video.icarus 60670]",
        "$ADDON[plugin.video.icarus 60671]"
      ]
    }
  ]
}