{
  "id": "seriehd",
  "name": "SerieHD",
  "active": true,
  "adult": false,
  "language": ["ita"],
  "thumbnail": "https://raw.githubusercontent.com/Zanzibar82/images/master/posters/seriehd.png",
  "banner": "https://raw.githubusercontent.com/Zanzibar82/images/master/posters/seriehd.png",
  "categories": [
    "tvshow",
	"top channels"
    
  ],
 "settings": [
    {
      "id": "include_in_global_search",
      "type": "bool",
      "label": "Includi ricerca globale",
      "default": true,
      "enabled": true,
      "visible": true
    },
		
		{
			"id": "include_in_newest_series",
			"type": "bool",
			"label": "Includi in Novità - Serie TV",
			"default": true,
			"enabled": true,
			"visible": true
		},
    {
      "id": "comprueba_enlaces",
      "type": "bool",
      "label": "Verifica se i link esistono",
      "default": false,
      "enabled": true,
      "visible": true
    },
    {
      "id": "comprueba_enlaces_num",
      "type": "list",
      "label": "Numero de link da verificare",
      "default": 1,
      "enabled": true,
      "visible": "eq(-1,true)",
      "lvalues": [ "1", "3", "5", "10" ]
    },
    {
      "id": "filter_languages",
      "type": "list",
      "label": "Mostra link in lingua...",
      "default": 0,
      "enabled": true,
      "visible": true,
      "lvalues": [
        "Non filtrare",
        "IT"
      ]
    }
	  ]
}
