{
    "id": "solostreaming",
    "name": "Solo Streaming",
    "active": true,
    "adult": false,
    "language": "it",
    "thumbnail": "https://i.imgur.com/LgdS4B8.png",
    "bannermenu": "https://i.imgur.com/LgdS4B8.png",
    "version": "6",
    "date": "22/06/2016",
    "changes": "update",
	"categories": [
	  "tvshow", "top channels"
	],
    "settings": [
        {
            "id": "include_in_global_search",
            "type": "bool",
            "label": "Includi ricerca globale",
            "default": true,
            "enabled": true,
            "visible": true
        },
        {
            "id": "include_in_newest_series",
            "type": "bool",
            "label": "Includi in novità - Serie TV",
            "default": true,
            "enabled": true,
            "visible": true
        }
    ]
}
