{
	"id": "tantifilm",
	"name": "Tantifilm",
	"language": ["ita"],
	"active": true,
	"adult": false,
	"thumbnail": "https://raw.githubusercontent.com/Zanzibar82/images/master/posters/tantifilm.png",
	"banner": "https://raw.githubusercontent.com/Zanzibar82/images/master/posters/tantifilm.png",
	"categories": [
	  "tvshow", "movie", "top channels"
	],
 "settings": [
			{
			"id": "include_in_global_search",
			"type": "bool",
			"label": "Includi in ricerca globale",
			"default": true,
			"enabled": true,
			"visible": true
		},
		{
			"id": "include_in_newest_film",
			"type": "bool",
			"label": "Includi in Novità - Film",
			"default": true,
			"enabled": true,
			"visible": true

		},
		

		{
		  "id": "comprueba_enlaces",
		  "type": "bool",
		  "label": "Verifica se i link esistono",
		  "default": false,
		  "enabled": true,
		  "visible": true
		},
		{
		  "id": "comprueba_enlaces_num",
		  "type": "list",
		  "label": "Numero di link da verificare",
		  "default": 1,
		  "enabled": true,
		  "visible": "eq(-1,true)",
		  "lvalues": [ "5", "10", "15", "20" ]
		},
		{
		  "id": "filter_languages",
		  "type": "list",
		  "label": "Mostra link in lingua...",
		  "default": 0,
		  "enabled": true,
		  "visible": true,
		  "lvalues": [
			"Non filtrare",
			"IT"
		  ]
		}
		]
	}


