{
    "id": "thelordofstreaming",
    "name": "TheLordOfStreaming",
    "active": true,
    "adult": false,
    "language": [
        "it"
    ],
    "thumbnail": "http://www.thelordofstreaming.it/wp-content/uploads/2014/03/cropped-0.jpg",
    "bannermenu": "http://www.thelordofstreaming.it/wp-content/uploads/2014/03/cropped-0.jpg",
    "categories": [
        "movie",
        "tvshow"
    ],
    "settings": [
        {
            "id": "include_in_global_search",
            "type": "bool",
            "label": "Includi ricerca globale",
            "default": true,
            "enabled": true,
            "visible": true
        }
    ]
}
