{
	"id": "vediserie",
	"name": "VediSerie",
	"language": ["it"],
	"active": false,
	"adult": false,
	"thumbnail": "http://www.vediserie.com/wp-content/uploads/2015/09/logo-vediseriea.png",
	"banner": "http://www.vediserie.com/wp-content/uploads/2015/09/logo-vediseriea.png",
	"categories": [
	  "tvshow"
	],
	"settings": [
		{
		  "id": "include_in_global_search",
		  "type": "bool",
		  "label": "Incluir en busqueda global",
		  "default": true,
		  "enabled": true,
		  "visible": true
		}
	  ]
}

