<?xml version="1.0" encoding="UTF-8" standalone="yes"?>
<addon id="repository.bugatsinho" name=" Bugatsinho repository" version="2.0" provider-name="Bugatsinho">
    <extension point="xbmc.addon.repository" name="Bugatsinho repository">
        <info compressed="false">https://raw.githubusercontent.com/bugatsinho/bugatsinho.github.io/master/addons.xml</info>
        <checksum>https://raw.githubusercontent.com/bugatsinho/bugatsinho.github.io/master/addons.xml.md5</checksum>
        <datadir zip="true">https://raw.githubusercontent.com/bugatsinho/bugatsinho.github.io/master/_zips</datadir>
        <hashes>false</hashes>
        <dir>
            <info compressed="false">https://raw.githubusercontent.com/jsergio123/zips/master/addons.xml</info>
            <checksum>https://raw.githubusercontent.com/jsergio123/zips/master/addons.xml.md5</checksum>
            <datadir zip="true">https://raw.githubusercontent.com/jsergio123/zips/master/</datadir>
        </dir>
        <dir>
            <info compressed="false">https://raw.githubusercontent.com/Twilight0/repo.twilight0.libs/master/_zips/addons.xml</info>
            <checksum>https://raw.githubusercontent.com/Twilight0/repo.twilight0.libs/master/_zips/addons.xml.md5</checksum>
            <datadir zip="true">https://raw.githubusercontent.com/Twilight0/repo.twilight0.libs/master/_zips/</datadir>
        </dir>
    </extension>
    <extension point="xbmc.addon.metadata">
        <summary>Bugatsinho repository</summary>
        <description>This repository contains Greek, Spanish and other addons!Read first each addon's description!</description>
        <platform>all</platform>
    </extension>
</addon>
