<?xml version="1.0" encoding="UTF-8"?>
    <addon id="repository.vodmx" name="VODMX Repositorio" version="1.0.0" provider-name="VODMX Team">
        <requires>
            <import addon="xbmc.addon" version="12.0.0"/>
        </requires>
        <extension point="xbmc.addon.repository" name="VODMX Repositorio Oficial">
            <info compressed="false">http://vodmx.tv/addon/addons.xml</info>
            <checksum>http://vodmx.tv/addon/addons.xml.md5</checksum>
            <datadir zip="true">http://vodmx.tv/addon/</datadir>
        </extension>
        <extension point="xbmc.addon.metadata">
            <summary>Repositorio para VODMX addon latino</summary>
            <description>Repositorio que pertenece al grupo creador del addon latino VODMX.</description>
            <platform>all</platform>
    </extension>
</addon>