<?xml version="1.0" encoding="UTF-8" standalone="yes"?>
<addon id="plugin.video.adultsonly" name="[B][COLOR red]ADULTS ONLY[/B][/COLOR]" version="1.0.2" provider-name="FOLIVER FOR KODI">
  <requires>
    <import addon="xbmc.python" version="2.1.0"/>
  </requires>
  <extension point="xbmc.python.pluginsource" library="default.py">
        <provides>video</provides>
  </extension>
  <extension point="xbmc.addon.metadata">
    <summary lang="en">Movies and Clips Adult</summary>
    <description lang="en">Movies and Clips Adult</description>
    <platform>all</platform>
  </extension>
</addon>
