{
  "active": true,
  "free": false,
  "id": "alldebrid",
  "name": "All-Debrid",
  "settings": [
    {
      "default": false,
      "enabled": true,
      "id": "premium",
      "label": "$ADDON[plugin.video.icarus 70272]",
      "type": "bool",
      "visible": true
    },
    {
      "enabled": "eq(-1,true)",
      "id": "user",
      "label": "$ADDON[plugin.video.icarus 30014]",
      "type": "text",
      "visible": true
    },
    {
      "enabled": "eq(-2,true)+!eq(-1,'')",
      "hidden": true,
      "id": "password",
      "label": "$ADDON[plugin.video.icarus 30015]",
      "type": "text",
      "visible": true
    }
  ]
}