<?xml version="1.0" encoding="UTF-8" standalone="yes"?>
<addon id="repository.master.skinbase" name="[COLOR lime]Guidos[/COLOR] [COLOR aqua]Master[/COLOR] [COLOR orange]SkinBase[/COLOR]" version="3.0.3" provider-name="[COLOR lime]GUIDO[/COLOR] | [COLOR aqua]Kodiman[/COLOR] | [COLOR orange]HSK-DE[/COLOR]">
	<extension point="xbmc.addon.repository" name="Guidos MASTER SKINBASE REPO">
	<dir>
		<info compressed="false">https://raw.githubusercontent.com/kaffepausse71/skinbase16/master/addons.xml</info>
		<checksum>https://raw.githubusercontent.com/kaffepausse71/skinbase16/master/addons.xml.md5</checksum>
		<datadir zip="true">https://raw.githubusercontent.com/kaffepausse71/skinbase16/master/</datadir>
	</dir>
	<dir>
		<info compressed="false">https://raw.githubusercontent.com/kaffepausse71/skinbase17/master/addons.xml</info>
		<checksum>https://raw.githubusercontent.com/kaffepausse71/skinbase17/master/addons.xml.md5</checksum>
		<datadir zip="true">https://raw.githubusercontent.com/kaffepausse71/skinbase17/master/</datadir>
	</dir>
	<dir>
		<info compressed="false">https://raw.githubusercontent.com/kaffepausse71/skinbase18/master/addons.xml</info>
		<checksum>https://raw.githubusercontent.com/kaffepausse71/skinbase18/master/addons.xml.md5</checksum>
		<datadir zip="true">https://raw.githubusercontent.com/kaffepausse71/skinbase18/master/</datadir>
	</dir>
	</extension>
	<extension point="xbmc.addon.metadata">
		<summary>Guidos Master SkinBase Repo</summary>
		<description>
[COLOR aqua]In[/COLOR] [COLOR orange]Guidos MASTER SKINBASE[/COLOR] [COLOR aqua]sind viele Skins für Kodi enthalten, desweiteren findet ihr auch Bilder Addons für Hintergrundbilder und weitere Addons die für Skins benötigt werden. 
Die SkinBase wird ständig erweitert und verbessert. Die Skins sind für die jeweiligen Kodi Versionen farblich markiert.[/COLOR], 
[COLOR lime]KODI 16 Grüne Schrift,[COLOR aqua]KODI 17 Blaue Schrift,[COLOR orange]KODI 18 Orange Schrift.[/COLOR]</description>
		<platform>all</platform>
        <forum>https://www.facebook.com/groups/716337198478240/</forum>
        <website>https://www.facebook.com/groups/716337198478240/</website>
	</extension>
</addon>

