<?xml version="1.0" encoding="UTF-8" standalone="yes"?>
<addon id="plugin.video.Apolo"
       name="Apolo"
       version="1.2.1"
       provider-name="Grupo Netai">
  <requires>
    <import addon="xbmc.python" version="2.1.0"/>
    <import addon="script.module.beautifulsoup" version="3.2.1"/>
    <import addon="script.module.simple.downloader" version="0.9.4"/>
    <import addon="script.module.beautifulsoup4" />
    <import addon="script.module.requests" />
    <import addon="script.module.httplib2" />
    <import addon="script.module.liveresolver" version="0.1.24" optional="true"/>
    <import addon="script.module.youtube.dl" optional="true"/>
    <import addon="plugin.video.youtube" optional="true" />
    <import addon="script.module.urlresolver" />
    <import addon="script.module.simplejson" />    
    <import addon="script.module.livestreamer" optional="true"/>
    <import addon="script.module.pyamf" optional="true"/>
	<import addon="plugin.video.torrentin" opcional ="true"/>
    <import addon="plugin.program.chrome.launcher" version="1.2.0" optional="true" />


  </requires>
  <extension point="xbmc.python.pluginsource" library="main.py">
    <provides>video</provides>
  </extension>


  <extension point="xbmc.addon.metadata">
    <summary>Apolo creado por Grupo Netai</summary>
    <description> Descubres las mejores peliculas,series, documentales, tv tdt en directo hd desde tu kodi.</description>
    <platform>all</platform>
  </extension>
</addon>