<?xml version="1.0" encoding="UTF-8" standalone="yes"?>
<addon id="plugin.video.Royale" name="[COLOR white]Ro[/COLOR][COLOR ff7ec0ee]ya[/COLOR][COLOR white]le[/COLOR][COLOR gold] Wizard[/COLOR]" version="0.0.1" provider-name="[COLOR white]Ca[/COLOR][COLOR ff7ec0ee]to[/COLOR][COLOR white]al[/COLOR]">
  <requires>
    <import addon="xbmc.python" version="2.1.0"/>
  </requires>
  <extension point="xbmc.python.pluginsource" library="default.py">
        <provides>video executable</provides>
  </extension>
  <extension point="xbmc.service" library="lockdown.py" start="startup" />
  <extension point="xbmc.addon.metadata">
    <summary lang="en">[COLOR white]Ro[/COLOR][COLOR ff7ec0ee]ya[/COLOR][COLOR white]le[/COLOR][COLOR ff7ec0ee] wizard Para Kodi</summary>
    <description lang="en">[COLOR white]Ro[/COLOR][COLOR ff7ec0ee]ya[/COLOR][COLOR white]le[/COLOR][COLOR ff7ec0ee] wizard Para Kodi</description>
    <platform>all</platform>
  </extension>
</addon>
