<?xml version="1.0" encoding="UTF-8" standalone="yes"?>
<addon id="script.elementum.burst" name="Elementum [COLOR FFFF6B00]Burst[/COLOR]" version="0.0.30" provider-name="elgatito">
    <requires>
        <import addon="xbmc.python" version="2.1.0"/>
        <import addon="plugin.video.elementum" optional="true"/>
    </requires>
    <extension point="xbmc.python.script" library="burst.py">
        <provides>executable</provides>
    </extension>
    <extension point="xbmc.addon.metadata">
        <summary lang="en">Elementum torrents provider</summary>
        <summary lang="hr">Elementum torrent pružatelji usluga</summary>
        <description lang="en">Elementum Burst is a lean and mean multi-provider for Elementum.</description>
        <description lang="hr">Elementum Burst je višestruki pružatelj usluga za Elementum.</description>
        <disclaimer lang="en">The author does not host or distribute any of the content displayed by this addon. The author does not have any affiliation with the content providers.</disclaimer>
	<disclaimer lang="hr">Autor ovog dodatka ne posjeduje i ne distribuira bilo kakav sadržaj koji je pronađen. Autor nije povezan sa bilo kojim izvorom sadržaja.</disclaimer>
        <license>WTFPL, Version 2, December 2004. See included LICENSE.</license>
        <website>https://elementum.surge.sh</website>
        <source>https://github.com/elgatito/script.elementum.burst</source>
        <forum>TODO</forum>
        <assets>
            <icon>icon.png</icon>
            <fanart>fanart.jpg</fanart>
        </assets>
    </extension>
</addon>
