<?xml version="1.0" encoding="UTF-8" standalone="yes"?>
<addon id="plugin.video.CatanaWizardLatino"
	   name="Catana Wizard Latino" 
	   version="1.1.1" 
	   provider-name="Catana">
  <requires>
    <import addon="xbmc.python" version="2.1.0"/>
  </requires>
  <extension point="xbmc.python.pluginsource" library="default.py">
        <provides>executable</provides>
  </extension>
  <extension point="xbmc.addon.metadata">
    <summary>Catana Wizard Latino</summary>
    <description>Instalador inteligente que ayuda a configurar tu Kodi correctamente</description>
    <platform>all</platform>
  </extension>
</addon>
