<?xml version="1.0" encoding="UTF-8" standalone="yes"?>
<addon id="repository.MagyckPi" name="[COLOR lime]MagyckPi[/COLOR] Repo" version="1.5.4" provider-name="Yo Mismo">
    <extension point="xbmc.addon.repository" name="MagyckPi Jose">
        <info>https://raw.githubusercontent.com/RetroBlogPi/MagyckPi/master/Repositorio/addons.xml</info>
        <checksum>https://raw.githubusercontent.com/RetroBlogPi/MagyckPi/master/Repositorio/addons.xml.md5</checksum>
        <datadir zip="true">https://raw.githubusercontent.com/RetroBlogPi/MagyckPi/master/Repositorio/</datadir>
    </extension>
    <extension point="xbmc.addon.metadata">
        <summary>Repositorio para los mios</summary>
        <description></description>
        <disclaimer></disclaimer>
        <platform>all</platform>
    </extension>
</addon>
