{
    "active": true, 
    "adult": false, 
    "categories": [
        "movie"
    ], 
    "changes": [
        {
            "date": "08/12/2018", 
            "description": "Añadida búsqueda por generos"
        }, 
        {
            "date": "06/12/2018", 
            "description": "Fusión de Yape.nu y Dilo.nu"
        }, 
        {
            "date": "15/11/2018", 
            "description": "Ordenar los generos alfabeticámente"
        }, 
        {
            "date": "12/11/2018", 
            "description": "Fix error al no existir el enlace al video"
        }, 
        {
            "date": "30/10//2018", 
            "description": "Primera versión"
        }
    ], 
    "id": "dilo", 
    "min_version": {
        "main": "1.0.4.201812220000", 
        "python": "2.7.9"
    }, 
    "name": "Dilo", 
    "newest": {
        "episode": {
            "action": "newest_episodes", 
            "content_type": "episodes"
        }, 
        "movie": {
            "action": "list_all", 
            "content_type": "movies"
        }, 
        "tvshow": {
            "action": "list_all", 
            "content_type": "tvshows"
        }
    }, 
    "search": {
        "movie": {
            "action": "search", 
            "content_type": "movies"
        }, 
        "movie_gender": {
            "action_gender": "list_all", 
            "category": "movie", 
            "url": {
                "action": "https://www.yape.nu/catalogue?genre[]=accion", 
                "adventure": "https://www.yape.nu/catalogue?genre[]=aventura", 
                "animation": "https://www.yape.nu/catalogue?genre[]=animacion", 
                "children": "https://www.yape.nu/catalogue?genre[]=kids", 
                "comedy": "https://www.yape.nu/catalogue?genre[]=comedia", 
                "drama": "https://www.yape.nu/catalogue?genre[]=drama", 
                "fantasia": "https://www.yape.nu/catalogue?genre[]=fantasia", 
                "intrigue": "https://www.yape.nu/catalogue?genre[]=intriga", 
                "musical": "https://www.yape.nu/catalogue?genre[]=musical", 
                "romantic": "https://www.yape.nu/catalogue?genre[]=romance", 
                "science-fiction": "https://www.yape.nu/catalogue?genre[]=ciencia", 
                "terror": "https://www.yape.nu/catalogue?genre[]=terror", 
                "war": "https://www.yape.nu/catalogue?genre[]=belico", 
                "western": "https://www.yape.nu/catalogue?genre[]=western"
            }
        }, 
        "tvshow": {
            "action": "search", 
            "content_type": "tvshows"
        }
    }, 
    "settings": [], 
    "version": 5
}