{
  "active": true,
  "name": "Mejortorrent",
  "adult": false,
  "categories": [
    "movie",
    "tvshow"
  ],
  "changes": [
    {
      "date": "12/01/2019",
      "description": "Cambios en la web"
    },
    {
      "date": "02/07/2018",
      "description": "Primera versión"
    }
  ],
  "id": "mejortorrent",
  "min_version": {
    "main": "1.0.4",
    "python": null
  },
  "search": {
    "movie":{
      "action": "search",
      "content_type": "movies"
    },
    "tvshow":{
      "action": "search",
      "content_type": "tvshows"
    }
  },
  "newest": {
    "movie": {
      "action": "newest_movies",
      "url": "http://www.mejortorrent.com/torrents-de-peliculas-hd-alta-definicion.html",
      "content_type": "movies"
    },
    "episode":{
          "action": "newest_series",
          "url": "http://www.mejortorrent.com/torrents-de-series-hd-alta-definicion.html",
          "content_type": "episodes"
        }
  },
  "settings": [],
  "version": 2
}
