{
  "active": true,
  "name": "Pelis123",
  "adult": false,
  "categories": [
    "movie",
    "tvshow"
  ],
  "changes": [
    {
      "date": "14/01/2019",
      "description": "Canal desactivado temporalmente"
    },
    {
      "date": "26/08/2018",
      "description": "Primera versión"
    }
  ],
  "id": "pelis123",
  "min_version": {
    "main": "1.0.2.201809010000",
    "python": "2.7.9"
  },
  "newest": {
    "movie": {
      "action": "newest",
      "content_type": "movies"
    },
    "episode": {
      "action": "tv_newest",
      "content_type": "episodes"
    }
  },
  "search": {
    "movie":{
      "action": "search",
      "content_type": "movies"
    },
    "tvshow":{
      "action": "tv_search",
      "content_type": "tvshows"
    }
  },
  "settings": [
  ],
  "version": 2
}