{
    "active": true, 
    "adult": false, 
    "categories": [
        "movie", 
        "tvshow"
    ], 
    "changes": [
        {
            "date": "08/12/2018", 
            "description": "Añadida búsqueda por generos"
        }, 
        {
            "date": "31/01/2018", 
            "description": "Reparar bug"
        }, 
        {
            "date": "08/10/2017", 
            "description": "Primera versión"
        }
    ], 
    "id": "wopelis", 
    "min_version": {
        "main": "1.0.4.201812220000", 
        "python": null
    }, 
    "name": "Wopelis", 
    "newest": {
        "episode": {
            "action": "tvshows", 
            "content_type": "episodes", 
            "url": "http://www.wopelis.com/gales.php?empen=0&ord=reci"
        }, 
        "movie": {
            "action": "movies", 
            "content_type": "movies", 
            "url": "http://www.wopelis.com/galep.php?solo=cenlaces&empen=0&ord=recie"
        }, 
        "tvshow": {
            "action": "tvshows", 
            "content_type": "tvshows", 
            "url": "http://www.wopelis.com/gales.php?empen=0"
        }
    }, 
    "search": {
        "movie": {
            "action": "movie_search", 
            "content_type": "movies", 
            "url": "http://www.wopelis.com/galep.php?solo=cenlaces&empen=0"
        }, 
        "movie_gender": {
            "action_gender": "movies", 
            "url": {
                "action": "http://www.wopelis.com/galep.php?solo=cenlaces&empen=0&gener=Acción", 
                "adventure": "http://www.wopelis.com/galep.php?solo=cenlaces&empen=0&gener=Aventura", 
                "animation": "http://www.wopelis.com/galep.php?solo=cenlaces&empen=0&gener=Animación", 
                "comedy": "http://www.wopelis.com/galep.php?solo=cenlaces&empen=0&gener=Comedia", 
                "drama": "http://www.wopelis.com/galep.php?solo=cenlaces&empen=0&gener=Drama", 
                "fantasia": "http://www.wopelis.com/galep.php?solo=cenlaces&empen=0&gener=Fantasía", 
                "intrigue": "http://www.wopelis.com/galep.php?solo=cenlaces&empen=0&gener=Suspense", 
                "musical": "http://www.wopelis.com/galep.php?solo=cenlaces&empen=0&gener=Música", 
                "romantic": "http://www.wopelis.com/galep.php?solo=cenlaces&empen=0&gener=Romance", 
                "science-fiction": "http://www.wopelis.com/galep.php?solo=cenlaces&empen=0&gener=Ciencia ficción", 
                "terror": "http://www.wopelis.com/galep.php?solo=cenlaces&empen=0&gener=Terror", 
                "war": "http://www.wopelis.com/galep.php?solo=cenlaces&empen=0&gener=Guerra", 
                "western": "http://www.wopelis.com/galep.php?solo=cenlaces&empen=0&gener=Western"
            }
        }, 
        "tvshow": {
            "action": "tv_search", 
            "content_type": "tvshows", 
            "url": "http://www.wopelis.com//gales.php?empen=0&ord=popu"
        }
    }, 
    "settings": [], 
    "version": 3
}