<dir>
	<title>Trending Movies</title>
	<trakt>https://api.trakt.tv/movies/trending</trakt>
	<thumbnail></thumbnail>
</dir>


<dir>
	<title>Popular</title>
	<tmdb>movies/popular</tmdb>
	<thumbnail></thumbnail>
</dir>


<dir>
	<title>Now Playing</title>
	<tmdb>movies/now_playing</tmdb>
	<thumbnail></thumbnail>
</dir>


<dir>
	<title>Top Rated</title>
	<tmdb>movies/top_rated</tmdb>
	<thumbnail></thumbnail>
</dir>


<dir>
	<title>Upcoming Movies</title>
	<tmdb>movie/upcoming</tmdb>
	<summary>Shows Trailers For Upcoming Movies</summary>
	<thumbnail></thumbnail>
</dir>


<dir>
	<title>Genres</title>
	<link>file://shared lists/genre_movies.xml</link>
	<thumbnail></thumbnail>
</dir>


<dir>
	<title>Years</title>
	<link>file://Years-Movie.xml</link>
	<thumbnail></thumbnail>
</dir>


<dir>
	<title>Search</title>
	<tmdb>search</tmdb>
	<thumbnail></thumbnail>
</dir>