<?xml version="1.0" encoding="UTF-8" standalone="yes"?>
<addon id="repository.icarus" name="[COLOR red]ICARUS[/COLOR] Repo" version="1.0.0" provider-name="ICARUS Repo Addon">
    <extension point="xbmc.addon.repository" name="ICARUS Repo">
        <info>https://github.com/icarus-addon/icarus-repo/raw/master/addons.xml</info>
        <checksum>https://github.com/icarus-addon/icarus-repo/raw/master/addons.xml.md5</checksum>
        <datadir zip="true">https://github.com/icarus-addon/icarus-repo/raw/master</datadir>
    </extension>
    <extension point="xbmc.addon.metadata">
        <summary>Repository ICARUS</summary>
        <description></description>
        <disclaimer>The owners and submitters to this repository do not host or distribute any of the content displayed by these addons nor do they have any affiliation with the content providers.</disclaimer>
        <platform>all</platform>
    </extension>
</addon>
