<?xml version="1.0" encoding="UTF-8" standalone="yes"?>
<addon id="plugin.video.El Paquete"
       name="[COLOR red]El[/COLOR] [COLOR white]Pa[/COLOR][COLOR blue]quete[/COLOR]"
       version="[COLOR yellow]1.0.1[/COLOR]"
       provider-name="[COLOR cyan][B]Pedro Alfonso[/B][/COLOR]">
  <requires>
    <import addon="xbmc.python" version="2.1.0"/>
    <import addon="script.module.beautifulsoup" version="3.2.1"/>
    <import addon="script.module.simple.downloader" version="0.9.4"/>
    <import addon="script.module.beautifulsoup4" />
    <import addon="script.module.requests" />
    <import addon="script.module.httplib2" />
    <import addon="script.module.youtube.dl" optional="true"/>
    <import addon="plugin.video.youtube" optional="true" />
    <import addon="script.module.urlresolver" optional="true"/>
    <import addon="script.module.simplejson" />
	<import addon="script.module.livestreamer" optional="true"/>
  </requires>
  <extension point="xbmc.python.pluginsource" library="default.py">
    <provides>video</provides>
  </extension>
  <extension point="xbmc.addon.metadata">
    <summary>[COLOR red][B] Peliculas,series,humor y mas todo cubano[/B][/COLOR]</summary>
    <description lang="en"></description>
<description lang="es">[COLOR lime][B]*Este es un add-on totalmente gratis dedicado a la comunidad cubana y a todos aquellos que le gusta la filmografia de nuestra isla[/B][/COLOR]</description>
     <disclaimer lang="en"></disclaimer>
		<disclaimer lang="es">El Paquete es un add-on gratuito y queda bajo tu responsabilidad si las leyes en tu pais prohiben la reproduccion de este contenido</disclaimer>
    <platform>all</platform>
  </extension>
</addon>
