<?xml version="1.0" encoding="UTF-8"?>
<window>
	<!-- seekbar -->
	<defaultcontrol always="true">901</defaultcontrol>
	<visible>[VideoPlayer.IsFullscreen | Window.IsVisible(visualisation)] + [Player.Seeking | Player.DisplayAfterSeek | Player.Paused | Player.Forwarding | Player.Rewinding | Player.IsTempo] + !Window.IsVisible(VideoOSD) + !Window.IsVisible(subtitlesearch) + !Window.IsVisible(MusicOSD)</visible>
	<animation type="WindowOpen" condition="![Window.IsVisible(visualisation) + Player.ShowInfo]">
		<effect type="zoom" start="90" end="100" center="auto" tween="back" easing="out" time="200"/>
		<effect type="fade" start="0" end="100" time="200"/>
	</animation>

	<controls>

		<!-- Player forwarding/rewinding -->
		<control type="group">
			<left>150</left>
			<top>870</top>
			<width>140</width>
			<height>60</height>
			<visible>player.forwarding | player.rewinding | player.paused | player.istempo</visible>

			<!-- Background -->
			<control type="image">
				<width>140</width>
				<height>60</height>
				<texture colordiffuse="$VAR[OverlayColor]">dialogs/Background.png</texture>
			</control>

			<!-- Status -->
			<control type="label">
				<width>140</width>
				<height>60</height>
				<font>Font36</font>
				<align>center</align>
				<label>$VAR[PlayerStatus]</label>
				<textcolor>DialogColor2</textcolor>
			</control>

			<!-- Pause -->
			<control type="image">
				<left>40</left>
				<width>60</width>
				<height>60</height>
				<texture colordiffuse="DialogColor1">osd/OSDPauseNF.png</texture>
				<visible>player.paused</visible>
			</control>

		</control>

		<!-- Player skipping -->
		<control type="group">
			<right>150</right>
			<top>870</top>
			<width>140</width>
			<height>60</height>
			<visible>[Player.DisplayAfterSeek + Integer.IsGreater(Player.ChapterCount,0)] | Integer.IsGreater(MusicPlayer.PlaylistLength,0) | !String.IsEmpty(Player.SeekStepSize)</visible>
			<visible>String.IsEmpty(Player.SeekNumeric)</visible>

			<!-- Background -->
			<control type="image">
				<width>140</width>
				<height>60</height>
				<texture colordiffuse="$VAR[OverlayColor]">dialogs/Background.png</texture>
			</control>

			<!-- Status -->
			<control type="label">
				<width>140</width>
				<height>60</height>
				<font>Font27</font>
				<align>center</align>
				<label>[B]$INFO[Player.Chapter,(,/]$INFO[Player.ChapterCount,,)][/B][B]$INFO[MusicPlayer.PlaylistPosition,(,/]$INFO[MusicPlayer.PlaylistLength,,)][/B]</label>
				<textcolor>DialogColor2</textcolor>
				<visible>!Window.IsVisible(visualisation) + String.IsEmpty(Player.SeekStepSize)</visible>
			</control>

			<!-- Status -->
			<control type="label">
				<width>140</width>
				<height>60</height>
				<font>Font27</font>
				<align>center</align>
				<label>[B]$INFO[MusicPlayer.PlaylistPosition,(,/]$INFO[MusicPlayer.PlaylistLength,,)][/B]</label>
				<textcolor>DialogColor2</textcolor>
				<visible>Window.IsVisible(visualisation) + String.IsEmpty(Player.SeekStepSize)</visible>
			</control>

			<!-- Status -->
			<control type="label">
				<width>140</width>
				<height>60</height>
				<font>Font27</font>
				<align>center</align>
				<visible>!String.IsEmpty(Player.SeekStepSize)</visible>
				<label>$INFO[Player.SeekStepSize]</label>
				<textcolor>DialogColor2</textcolor>
			</control>

		</control>

		<!-- Progress -->
		<control type="group">
			<left>150</left>
			<top>945</top>
			<width>1620</width>
			<height>60</height>
			<visible>String.IsEmpty(Player.SeekNumeric)</visible>

			<!-- Background -->
			<control type="image">
				<width>1620</width>
				<height>60</height>
				<texture colordiffuse="$VAR[OverlayColor]">dialogs/Background.png</texture>
			</control>

			<!--  Current position/Time remaining -->
			<control type="label">
				<left>20</left>
				<width>260</width>
				<height>60</height>
				<font>Font27</font>
				<textcolor>DialogColor2</textcolor>
				<label>$INFO[Player.Time] / $INFO[Player.Duration]</label>
			</control>

			<!--  Progress bar -->
			<control type="progress" id="1">
				<left>280</left>
				<top>20</top>
				<width>920</width>
				<height>20</height>
				<info>Player.Progress</info>
				<texturebg border="2" colordiffuse="DialogColor2">osd/OSDProgressBack.png</texturebg>
				<lefttexture>-</lefttexture>
				<midtexture border="2" colordiffuse="DialogColor1">osd/OSDProgressBar.png</midtexture>
				<righttexture>-</righttexture>
				<overlaytexture>-</overlaytexture>
			</control>

			<!--  Cache bar -->
			<control type="progress" id="1">
				<left>280</left>
				<top>20</top>
				<width>920</width>
				<height>20</height>
				<info>Player.ProgressCache</info>
				<texturebg colordiffuse="DialogColor2" border="2">osd/OSDProgressBack.png</texturebg>
				<lefttexture>-</lefttexture>
				<midtexture colordiffuse="OSDCache" border="2">osd/OSDProgressBar.png</midtexture>
				<righttexture>-</righttexture>
				<overlaytexture>-</overlaytexture>
			</control>

			<!-- Current Time/End Time -->
			<control type="label">
				<left>1001</left>
				<width>600</width>
				<height>60</height>
				<align>right</align>
				<font>Font27</font>
				<textcolor>DialogColor2</textcolor>
				<label>$INFO[System.Time,$LOCALIZE[142] , / ]$INFO[Player.FinishTime,$LOCALIZE[19081] ]</label>
			</control>

		</control>

	</controls>

</window>