{
  "active": true,
  "find_videos": {
    "ignore_urls": [],
    "patterns": [
      {
        "pattern": "nowvideo.../(?:video/|embed.php\\?.*v=)([A-z0-9]+)",
        "url": "http://www.nowvideo.sx/video/\\1"
      }
    ]
  },
  "free": true,
  "id": "nowvideo",
  "name": "nowvideo",
  "premium": [
    "nowvideo",
    "realdebrid"
  ],
  "settings": [
    {
      "default": false,
      "enabled": true,
      "id": "black_list",
      "label": "@60654",
      "type": "bool",
      "visible": true
    },
    {
      "default": 0,
      "enabled": true,
      "id": "favorites_servers_list",
      "label": "@60655",
      "lvalues": [
        "No",
        "1",
        "2",
        "3",
        "4",
        "5"
      ],
      "type": "list",
      "visible": false
    },
    {
      "default": false,
      "enabled": true,
      "id": "premium",
      "label": "Activar cuenta premium",
      "type": "bool",
      "visible": true
    },
    {
      "default": "",
      "enabled": "eq(-1,true)",
      "id": "user",
      "label": "@30014",
      "type": "text",
      "visible": true
    },
    {
      "default": "",
      "enabled": "eq(-2,true)+!eq(-1,'')",
      "hidden": true,
      "id": "password",
      "label": "@30015",
      "type": "text",
      "visible": true
    }
  ],
  "thumbnail": "server_nowvideo.png"
}