{
  "active": true,
  "find_videos": {
    "ignore_urls": [],
    "patterns": [
      {
        "pattern": "(?:thevideo.me|tvad.me|thevid.net|thevideo.ch|thevideo.us)/(?:embed-|)([A-z0-9]+)",
        "url": "https://thevideo.me/embed-\\1.html"
      }
    ]
  },
  "free": true,
  "id": "thevideome",
  "name": "thevideome",
  "settings": [
    {
      "default": false,
      "enabled": true,
      "id": "black_list",
      "label": "@60654",
      "type": "bool",
      "visible": true
    },
    {
      "default": 0,
      "enabled": true,
      "id": "favorites_servers_list",
      "label": "@60655",
      "lvalues": [
        "No",
        "1",
        "2",
        "3",
        "4",
        "5"
      ],
      "type": "list",
      "visible": false
    }
  ],
  "thumbnail": "https://s26.postimg.cc/fzmu2c761/thevideo.me1.png"
}
