﻿<?xml version="1.0" encoding="UTF-8"?>
<addon id="plugin.video.laola1free" name="Laola1.tv free" version="1.1.7" provider-name="stipx">
	<requires>
		<import addon="xbmc.python" version="2.14.0"/>
		<import addon="script.module.beautifulsoup4" version="4.3.2"/>
	</requires>
	<extension point="xbmc.python.pluginsource" library="default.py">
		<provides>video</provides>
	</extension>
	<extension point="xbmc.addon.metadata">
		<platform>all</platform>
		<summary lang="en">Laola1 Streaming (Free user only)</summary>
		<description lang="en">Provides streams from laola1.tv</description>
		<license>GNU General Public License, v2</license>
	</extension>
</addon>
